col_1,col_2,col_3,col_4,col_5,col_6,col_7,col_8,col_9
0.6,1,0.0,1.0,1.0,0.0,0.0,0.0,0.0
0.0,1,0.0,0.0,1.0,0.0,0.0,1.0,0.0
1.0,1,0.0,1.0,1.0,0.0,0.0,0.0,0.0
0.0,2,0.0,1.0,1.0,0.0,0.0,0.0,0.0
0.0,1,0.0,1.0,1.0,0.0,0.0,0.0,0.0
1.0,1,0.0,1.0,1.0,0.0,0.0,0.0,0.0
0.13636363636363635,1,0.8636363636363636,1.0,1.0,0.0,0.0,0.0,0.0
0.0,1,0.07692307692307693,1.0,1.0,0.0,0.0,0.0,0.0
1.0,1,0.0,1.0,1.0,0.0,0.0,0.0,0.0
0.37037037037037035,1,0.5925925925925926,0.9629629629629629,1.0,0.0,0.0,0.037037037037037035,0.0
1.0,2,0.0,1.0,1.0,0.0,0.0,0.0,0.0
0.0,1,0.0,1.0,1.0,0.0,0.0,0.0,0.0
0.375,1,0.0,0.875,1.0,0.0,0.0,0.125,0.0
1.0,1,0.0,1.0,1.0,0.0,0.0,0.0,0.0
0.0,1,0.0,1.0,1.0,0.0,0.0,0.0,0.0
0.0,1,0.0,1.0,1.0,0.0,0.0,0.0,0.0
0.0,1,0.0,1.0,1.0,0.0,0.0,0.0,0.0
1.0,1,0.0,1.0,1.0,0.0,0.0,0.0,0.0
0.0,1,0.0,1.0,1.0,0.0,0.0,0.0,0.0
1.0,1,0.0,1.0,1.0,0.0,0.0,0.0,0.0
0.25,1,0.16666666666666666,1.0,1.0,0.0,0.0,0.0,0.0
0.2894736842105263,3,0.0,1.0,1.0,0.0,0.0,0.0,0.0
0.0,1,0.0,1.0,1.0,0.0,0.0,0.0,0.0
0.1,1,0.0,1.0,1.0,0.0,0.0,0.0,0.0
0.0,1,0.0,0.6666666666666666,1.0,0.0,0.0,0.3333333333333333,0.0
0.0,1,1.0,1.0,1.0,0.0,0.0,0.0,0.0
0.0,1,0.0,1.0,1.0,0.0,0.0,0.0,0.0
0.0,1,0.0,1.0,1.0,0.0,0.0,0.0,0.0
0.05555555555555555,1,0.0,1.0,1.0,0.0,0.0,0.0,0.0
0.0,1,0.0,1.0,1.0,0.0,0.0,0.0,0.0
0.0,1,0.0,1.0,1.0,0.0,0.0,0.0,0.0
0.0,1,0.0,1.0,1.0,0.0,0.0,0.0,0.0
1.0,1,0.0,1.0,1.0,0.0,0.0,0.0,0.0
0.0,1,0.0,1.0,1.0,0.0,0.0,0.0,0.0
0.6363636363636364,2,0.0,0.9090909090909091,1.0,0.0,0.0,0.09090909090909091,0.0
0.0,1,0.0,1.0,1.0,0.0,0.0,0.0,0.0
0.25757575757575757,1,0.030303030303030304,0.9696969696969697,1.0,0.0,0.0,0.030303030303030304,0.0
0.1,1,0.0,1.0,1.0,0.0,0.0,0.0,0.0
1.0,1,0.0,1.0,1.0,0.0,0.0,0.0,0.0
0.07692307692307693,1,0.0,1.0,1.0,0.0,0.0,0.0,0.0
0.0,1,1.0,1.0,1.0,0.0,0.0,0.0,0.0
0.07692307692307693,1,0.23076923076923078,1.0,1.0,0.0,0.0,0.0,0.0
0.0,1,0.0,1.0,1.0,0.0,0.0,0.0,0.0
0.875,1,0.0,1.0,1.0,0.0,0.0,0.0,0.0
0.2608695652173913,1,0.0,1.0,1.0,0.0,0.0,0.0,0.0
0.0,1,0.0,1.0,1.0,0.0,0.0,0.0,0.0
0.1780821917808219,1,0.0,1.0,1.0,0.0,0.0,0.0,0.0
0.0,1,0.0,1.0,1.0,0.0,0.0,0.0,0.0
0.0,1,0.0,1.0,1.0,0.0,0.0,0.0,0.0
0.18947368421052632,1,0.12631578947368421,1.0,1.0,0.0,0.0,0.0,0.0
0.35294117647058826,1,0.0,1.0,1.0,0.0,0.0,0.0,0.0
0.0,1,0.125,1.0,1.0,0.0,0.0,0.0,0.0
0.0,1,0.8275862068965517,1.0,1.0,0.0,0.0,0.0,0.0
0.11764705882352941,1,0.0,1.0,1.0,0.0,0.0,0.0,0.0
0.0,1,0.0,1.0,1.0,0.0,0.0,0.0,0.0
0.5,1,0.0,0.0,1.0,0.0,0.0,1.0,0.0
0.0,1,0.0,1.0,1.0,0.0,0.0,0.0,0.0
0.5555555555555556,1,0.0,1.0,1.0,0.0,0.0,0.0,0.0
0.4444444444444444,1,0.0,1.0,1.0,0.0,0.0,0.0,0.0
1.0,1,0.0,1.0,1.0,0.0,0.0,0.0,0.0
0.0,1,0.0,1.0,1.0,0.0,0.0,0.0,0.0
0.24731182795698925,1,0.0,1.0,1.0,0.0,0.0,0.0,0.0
0.00228310502283105,1,0.0,1.0,1.0,0.0,0.0,0.0,0.0
0.0,1,0.0,1.0,1.0,0.0,0.0,0.0,0.0
1.0,1,0.0,1.0,1.0,0.0,0.0,0.0,0.0
1.0,1,0.0,1.0,1.0,0.0,0.0,0.0,0.0
0.0,1,0.0,1.0,1.0,0.0,0.0,0.0,0.0
1.0,1,0.0,1.0,1.0,0.0,0.0,0.0,0.0
1.0,1,0.0,1.0,1.0,0.0,0.0,0.0,0.0
0.07692307692307693,1,0.0,1.0,1.0,0.0,0.0,0.0,0.0
0.0,1,0.0,1.0,1.0,0.0,0.0,0.0,0.0
0.0,1,0.0,1.0,1.0,0.0,0.0,0.0,0.0
0.9523809523809523,1,0.0,1.0,1.0,0.0,0.0,0.0,0.0
0.0,1,0.0,1.0,1.0,0.0,0.0,0.0,0.0
0.23076923076923078,1,0.0,1.0,1.0,0.0,0.0,0.0,0.0
0.2978723404255319,1,0.0,1.0,1.0,0.0,0.0,0.0,0.0
0.5,2,0.0,1.0,1.0,0.0,0.0,0.0,0.0
0.4155844155844156,1,0.0,1.0,1.0,0.0,0.0,0.0,0.0
0.0,1,0.0,1.0,1.0,0.0,0.0,0.0,0.0
0.5294117647058824,1,0.058823529411764705,0.9411764705882353,1.0,0.0,0.0,0.058823529411764705,0.0
0.0,1,0.0,1.0,1.0,0.0,0.0,0.0,0.0
0.2894736842105263,1,0.0,1.0,1.0,0.0,0.0,0.0,0.0
0.0,1,0.0,1.0,1.0,0.0,0.0,0.0,0.0
0.05555555555555555,1,0.0,1.0,1.0,0.0,0.0,0.0,0.0
0.7103825136612022,1,0.0,1.0,1.0,0.0,0.0,0.0,0.0
0.0,1,0.0,1.0,1.0,0.0,0.0,0.0,0.0
1.0,1,0.0,1.0,1.0,0.0,0.0,0.0,0.0
0.0,1,1.0,1.0,1.0,0.0,0.0,0.0,0.0
0.0,1,0.0,1.0,1.0,0.0,0.0,0.0,0.0
0.0,1,0.0,1.0,1.0,0.0,0.0,0.0,0.0
0.36363636363636365,1,0.0,1.0,1.0,0.0,0.0,0.0,0.0
0.825,1,0.0,1.0,1.0,0.0,0.0,0.0,0.0
0.039301310043668124,1,0.008733624454148471,0.9912663755458515,1.0,0.0,0.0,0.008733624454148471,0.0
0.0,1,0.0,1.0,1.0,0.0,0.0,0.0,0.0
0.9705882352941176,1,0.0,1.0,1.0,0.0,0.0,0.0,0.0
0.0,1,0.0,1.0,1.0,0.0,0.0,0.0,0.0
0.0,1,0.0,1.0,1.0,0.0,0.0,0.0,0.0
0.0,1,1.0,1.0,1.0,0.0,0.0,0.0,0.0
0.0,1,0.0,1.0,1.0,0.0,0.0,0.0,0.0
0.0,1,0.0,1.0,1.0,0.0,0.0,0.0,0.0
0.29411764705882354,1,0.0,1.0,1.0,0.0,0.0,0.0,0.0
0.5,1,0.5,1.0,1.0,0.0,0.0,0.0,0.0
0.1111111111111111,1,0.0,1.0,1.0,0.0,0.0,0.0,0.0
0.4,1,0.025,0.975,1.0,0.0,0.0,0.025,0.0
0.0,1,0.0,1.0,1.0,0.0,0.0,0.0,0.0
0.7777777777777778,2,0.1111111111111111,1.0,1.0,0.0,0.0,0.0,0.0
0.125,1,0.0,1.0,1.0,0.0,0.0,0.0,0.0
0.0,1,0.0,1.0,1.0,0.0,0.0,0.0,0.0
0.0,1,0.0,1.0,1.0,0.0,0.0,0.0,0.0
0.875,1,0.0,1.0,1.0,0.0,0.0,0.0,0.0
1.0,1,0.0,1.0,1.0,0.0,0.0,0.0,0.0
0.0,1,0.0,1.0,1.0,0.0,0.0,0.0,0.0
0.0,1,0.0,1.0,1.0,0.0,0.0,0.0,0.0
0.0,1,1.0,1.0,1.0,0.0,0.0,0.0,0.0
0.5,1,0.0,1.0,1.0,0.0,0.0,0.0,0.0
0.0,1,0.5714285714285714,1.0,1.0,0.0,0.0,0.0,0.0
1.0,1,0.0,1.0,1.0,0.0,0.0,0.0,0.0
0.9695121951219512,1,0.0,0.9939024390243902,1.0,0.0,0.0,0.006097560975609756,0.0
0.0,1,0.9230769230769231,0.6923076923076923,1.0,0.0,0.0,0.3076923076923077,0.0
0.0,1,0.0,0.9215686274509803,1.0,0.0,0.0,0.0784313725490196,0.0
1.0,1,0.0,1.0,1.0,0.0,0.0,0.0,0.0
0.2822966507177033,1,0.0,1.0,1.0,0.0,0.0,0.0,0.0
0.0,1,0.0,1.0,1.0,0.0,0.0,0.0,0.0
0.5,1,0.0,1.0,1.0,0.0,0.0,0.0,0.0
0.8627450980392157,1,0.0,0.9313725490196079,1.0,0.0,0.0,0.0,0.0
0.3076923076923077,1,0.0,1.0,1.0,0.0,0.0,0.0,0.0
0.8333333333333334,1,0.0,1.0,1.0,0.0,0.0,0.0,0.0
0.38461538461538464,1,0.0,0.6923076923076923,1.0,0.0,0.0,0.3076923076923077,0.0
0.0,1,0.07142857142857142,0.42857142857142855,1.0,0.0,0.0,0.5714285714285714,0.0
0.0,1,0.0,1.0,1.0,0.0,0.0,0.0,0.0
0.5,1,0.0,1.0,1.0,0.0,0.0,0.0,0.0
0.0,1,0.0,1.0,1.0,0.0,0.0,0.0,0.0
0.0,1,0.0,1.0,1.0,0.0,0.0,0.0,0.0
0.0,1,0.0,1.0,1.0,0.0,0.0,0.0,0.0
0.0,1,0.0,0.9827586206896551,1.0,0.0,0.0,0.017241379310344827,0.0
0.8571428571428571,1,0.0,1.0,1.0,0.0,0.0,0.0,0.0
0.19047619047619047,1,0.047619047619047616,1.0,1.0,0.0,0.0,0.0,0.0
0.0,1,0.6666666666666666,0.3333333333333333,1.0,0.0,0.0,0.6666666666666666,0.0
0.0,1,0.0,1.0,1.0,0.0,0.0,0.0,0.0
0.0,1,0.0,1.0,1.0,0.0,0.0,0.0,0.0
0.5,1,0.0,1.0,1.0,0.0,0.0,0.0,0.0
0.9166666666666666,1,0.5833333333333334,1.0,1.0,0.0,0.0,0.0,0.0
1.0,1,0.0,1.0,1.0,0.0,0.0,0.0,0.0
1.0,1,0.0,1.0,1.0,0.0,0.0,0.0,0.0
0.6666666666666666,1,0.0,0.7407407407407407,1.0,0.0,0.0,0.25925925925925924,0.0
0.6363636363636364,1,0.0,1.0,1.0,0.0,0.0,0.0,0.0
0.0,1,0.0,1.0,1.0,0.0,0.0,0.0,0.0
0.4,1,0.0,1.0,1.0,0.0,0.0,0.0,0.0
1.0,1,0.14285714285714285,1.0,1.0,0.0,0.0,0.0,0.0
0.0,1,0.0,1.0,1.0,0.0,0.0,0.0,0.0
0.3706896551724138,1,0.0,1.0,1.0,0.0,0.0,0.0,0.0
0.5,1,0.0,1.0,1.0,0.0,0.0,0.0,0.0
0.0,1,0.0,1.0,1.0,0.0,0.0,0.0,0.0
1.0,1,0.0,1.0,1.0,0.0,0.0,0.0,0.0
0.23809523809523808,1,0.0,0.9523809523809523,1.0,0.0,0.0,0.047619047619047616,0.0
0.0,1,0.0,1.0,1.0,0.0,0.0,0.0,0.0
1.0,1,0.0,0.0,1.0,0.0,0.0,1.0,0.0
1.0,1,0.0,1.0,1.0,0.0,0.0,0.0,0.0
0.7083333333333334,1,0.0,1.0,1.0,0.0,0.0,0.0,0.0
0.0,1,1.0,1.0,1.0,0.0,0.0,0.0,0.0
0.02702702702702703,1,0.0,1.0,1.0,0.0,0.0,0.0,0.0
0.0,1,0.0,1.0,1.0,0.0,0.0,0.0,0.0
0.0,1,0.0,1.0,1.0,0.0,0.0,0.0,0.0
1.0,1,0.0,1.0,1.0,0.0,0.0,0.0,0.0
0.3333333333333333,1,0.0,1.0,1.0,0.0,0.0,0.0,0.0
0.0,1,0.0,1.0,1.0,0.0,0.0,0.0,0.0
0.0,1,0.0,1.0,1.0,0.0,0.0,0.0,0.0
0.0,1,0.0,1.0,1.0,0.0,0.0,0.0,0.0
0.03508771929824561,1,0.0,1.0,1.0,0.0,0.0,0.0,0.0
0.02857142857142857,1,0.0,1.0,1.0,0.0,0.0,0.0,0.0
0.0,1,1.0,1.0,1.0,0.0,0.0,0.0,0.0
0.0,1,0.0,1.0,1.0,0.0,0.0,0.0,0.0
0.6666666666666666,1,0.0,1.0,1.0,0.0,0.0,0.0,0.0
1.0,1,0.0,1.0,1.0,0.0,0.0,0.0,0.0
1.0,1,0.0,1.0,1.0,0.0,0.0,0.0,0.0
0.0,1,0.0,1.0,1.0,0.0,0.0,0.0,0.0
0.14285714285714285,1,0.0,1.0,1.0,0.0,0.0,0.0,0.0
0.3333333333333333,1,0.3333333333333333,1.0,1.0,0.0,0.0,0.0,0.0
0.0,1,0.0,1.0,1.0,0.0,0.0,0.0,0.0
0.8,1,0.8,1.0,1.0,0.0,0.0,0.0,0.0
1.0,1,0.0,1.0,1.0,0.0,0.0,0.0,0.0
0.7142857142857143,1,0.0,0.9841269841269841,1.0,0.0,0.0,0.0,0.0
0.4567901234567901,1,0.0,1.0,1.0,0.0,0.0,0.0,0.0
0.6129032258064516,1,0.0,1.0,1.0,0.0,0.0,0.0,0.0
0.0,1,0.0,1.0,1.0,0.0,0.0,0.0,0.0
1.0,1,0.0,1.0,1.0,0.0,0.0,0.0,0.0
1.0,1,0.125,1.0,1.0,0.0,0.0,0.0,0.0
0.0,1,0.0,0.9764705882352941,1.0,0.0,0.0,0.023529411764705882,0.0
0.0,1,0.0,1.0,1.0,0.0,0.0,0.0,0.0
0.6666666666666666,1,0.0,1.0,1.0,0.0,0.0,0.0,0.0
0.0,1,1.0,1.0,1.0,0.0,0.0,0.0,0.0
0.0,1,0.05,1.0,1.0,0.0,0.0,0.0,0.0
1.0,1,0.0,1.0,1.0,0.0,0.0,0.0,0.0
0.0,1,0.2,1.0,1.0,0.0,0.0,0.0,0.0
0.16666666666666666,1,0.16666666666666666,0.6666666666666666,1.0,0.0,0.0,0.3333333333333333,0.0
0.0,1,0.0,1.0,1.0,0.0,0.0,0.0,0.0
1.0,1,0.09090909090909091,1.0,1.0,0.0,0.0,0.0,0.0
0.0,1,0.0,1.0,1.0,0.0,0.0,0.0,0.0
0.4117647058823529,1,0.4117647058823529,0.6470588235294118,1.0,0.0,0.0,0.35294117647058826,0.0
0.59375,1,0.0,1.0,1.0,0.0,0.0,0.0,0.0
0.0,1,0.0,1.0,1.0,0.0,0.0,0.0,0.0
0.03125,2,0.21875,1.0,1.0,0.0,0.0,0.0,0.0
0.0,1,0.0,1.0,1.0,0.0,0.0,0.0,0.0
0.0,1,0.0,1.0,1.0,0.0,0.0,0.0,0.0
0.0,1,0.0,1.0,1.0,0.0,0.0,0.0,0.0
0.0,1,0.0,1.0,1.0,0.0,0.0,0.0,0.0
0.16666666666666666,1,0.0,1.0,1.0,0.0,0.0,0.0,0.0
0.6666666666666666,1,0.0,1.0,1.0,0.0,0.0,0.0,0.0
0.0,1,0.0,1.0,1.0,0.0,0.0,0.0,0.0
0.3333333333333333,1,0.3333333333333333,0.6666666666666666,1.0,0.0,0.0,0.3333333333333333,0.0
0.5,1,0.0,1.0,1.0,0.0,0.0,0.0,0.0
0.0,1,0.0,1.0,1.0,0.0,0.0,0.0,0.0
1.0,1,0.0,1.0,1.0,0.0,0.0,0.0,0.0
0.75,1,0.0,1.0,1.0,0.0,0.0,0.0,0.0
1.0,1,0.5,1.0,1.0,0.0,0.0,0.0,0.0
0.05,1,0.0,1.0,1.0,0.0,0.0,0.0,0.0
0.0,1,0.0,1.0,1.0,0.0,0.0,0.0,0.0
0.1111111111111111,1,0.015873015873015872,1.0,1.0,0.0,0.0,0.0,0.0
0.0,1,0.0,1.0,1.0,0.0,0.0,0.0,0.0
0.11538461538461539,4,0.0,1.0,1.0,0.0,0.0,0.0,0.0
0.0,1,0.0,1.0,1.0,0.0,0.0,0.0,0.0
0.125,2,0.0,1.0,1.0,0.0,0.0,0.0,0.0
0.0,1,0.1111111111111111,1.0,1.0,0.0,0.0,0.0,0.0
0.8769230769230769,1,0.0,1.0,1.0,0.0,0.0,0.0,0.0
0.4,1,0.0,1.0,1.0,0.0,0.0,0.0,0.0
0.0,1,0.0,1.0,1.0,0.0,0.0,0.0,0.0
0.5555555555555556,1,0.4444444444444444,1.0,1.0,0.0,0.0,0.0,0.0
0.0,1,0.01639344262295082,1.0,1.0,0.0,0.0,0.0,0.0
0.8,1,0.0,1.0,1.0,0.0,0.0,0.0,0.0
1.0,1,0.0,1.0,1.0,0.0,0.0,0.0,0.0
1.0,1,0.0,1.0,1.0,0.0,0.0,0.0,0.0
0.16666666666666666,1,0.0,1.0,1.0,0.0,0.0,0.0,0.0
1.0,1,0.0,1.0,1.0,0.0,0.0,0.0,0.0
1.0,1,0.0,1.0,1.0,0.0,0.0,0.0,0.0
0.0,1,0.0,1.0,1.0,0.0,0.0,0.0,0.0
0.11764705882352941,1,0.0,1.0,1.0,0.0,0.0,0.0,0.0
0.0,1,0.0,1.0,1.0,0.0,0.0,0.0,0.0
0.7,1,0.0,1.0,1.0,0.0,0.0,0.0,0.0
0.875,1,0.0625,1.0,1.0,0.0,0.0,0.0,0.0
0.0,1,0.0,1.0,1.0,0.0,0.0,0.0,0.0
0.0,1,0.0,1.0,1.0,0.0,0.0,0.0,0.0
0.9047619047619048,1,0.0,1.0,1.0,0.0,0.0,0.0,0.0
0.5,1,0.0,1.0,1.0,0.0,0.0,0.0,0.0
0.0,1,0.0,1.0,1.0,0.0,0.0,0.0,0.0
0.22727272727272727,1,0.13636363636363635,1.0,1.0,0.0,0.0,0.0,0.0
0.3333333333333333,1,0.0,1.0,1.0,0.0,0.0,0.0,0.0
0.5172413793103449,1,0.034482758620689655,1.0,1.0,0.0,0.0,0.0,0.0
0.2,1,0.0,1.0,1.0,0.0,0.0,0.0,0.0
0.1111111111111111,1,0.0,1.0,1.0,0.0,0.0,0.0,0.0
0.6666666666666666,1,0.0,0.6666666666666666,1.0,0.0,0.0,0.3333333333333333,0.0
0.5,1,0.0,0.5,1.0,0.0,0.0,0.5,0.0
1.0,1,0.0,1.0,1.0,0.0,0.0,0.0,0.0
0.2,1,0.2,1.0,1.0,0.0,0.0,0.0,0.0
1.0,1,0.0,1.0,1.0,0.0,0.0,0.0,0.0
1.0,1,0.0,1.0,1.0,0.0,0.0,0.0,0.0
0.5,1,0.0,1.0,1.0,0.0,0.0,0.0,0.0
1.0,1,0.0,1.0,1.0,0.0,0.0,0.0,0.0
0.6582278481012658,1,0.0,1.0,1.0,0.0,0.0,0.0,0.0
0.0,1,1.0,1.0,1.0,0.0,0.0,0.0,0.0
0.34054054054054056,1,0.0,0.9945945945945946,1.0,0.0,0.0,0.005405405405405406,0.0
0.84,1,0.0,1.0,1.0,0.0,0.0,0.0,0.0
0.4,1,0.0,1.0,1.0,0.0,0.0,0.0,0.0
0.0,1,0.0,1.0,1.0,0.0,0.0,0.0,0.0
0.0,1,0.0,1.0,1.0,0.0,0.0,0.0,0.0
0.5,1,0.0,1.0,1.0,0.0,0.0,0.0,0.0
0.21052631578947367,1,0.0,1.0,1.0,0.0,0.0,0.0,0.0
1.0,1,0.0,1.0,1.0,0.0,0.0,0.0,0.0
0.0,1,0.0,1.0,1.0,0.0,0.0,0.0,0.0
0.36363636363636365,1,0.0,1.0,1.0,0.0,0.0,0.0,0.0
0.013333333333333334,1,0.02666666666666667,1.0,1.0,0.0,0.0,0.0,0.0
0.0,1,0.0,1.0,1.0,0.0,0.0,0.0,0.0
0.0,1,0.0,1.0,1.0,0.0,0.0,0.0,0.0
1.0,1,0.0,1.0,1.0,0.0,0.0,0.0,0.0
0.0,1,0.0,1.0,1.0,0.0,0.0,0.0,0.0
0.0,1,0.0,1.0,1.0,0.0,0.0,0.0,0.0
0.7272727272727273,1,0.0,1.0,1.0,0.0,0.0,0.0,0.0
0.1111111111111111,1,0.0,1.0,1.0,0.0,0.0,0.0,0.0
0.16666666666666666,1,0.0,1.0,1.0,0.0,0.0,0.0,0.0
0.3958333333333333,1,0.020833333333333332,0.9375,1.0,0.0,0.0,0.0625,0.0
0.0,1,0.0,1.0,1.0,0.0,0.0,0.0,0.0
1.0,1,0.0,1.0,1.0,0.0,0.0,0.0,0.0
0.0,1,0.0,1.0,1.0,0.0,0.0,0.0,0.0
0.7272727272727273,1,0.0,1.0,1.0,0.0,0.0,0.0,0.0
0.09375,1,0.0,1.0,1.0,0.0,0.0,0.0,0.0
0.0,1,0.0,1.0,1.0,0.0,0.0,0.0,0.0
0.0,1,0.0,1.0,1.0,0.0,0.0,0.0,0.0
0.0,1,0.0,1.0,1.0,0.0,0.0,0.0,0.0
0.0,1,0.0,1.0,1.0,0.0,0.0,0.0,0.0
0.06896551724137931,1,0.0,1.0,1.0,0.0,0.0,0.0,0.0
0.797979797979798,1,0.0,1.0,1.0,0.0,0.0,0.0,0.0
0.25,1,0.25,1.0,1.0,0.0,0.0,0.0,0.0
1.0,1,0.0,1.0,1.0,0.0,0.0,0.0,0.0
0.6666666666666666,1,0.0,1.0,1.0,0.0,0.0,0.0,0.0
0.0,1,0.0,1.0,1.0,0.0,0.0,0.0,0.0
1.0,1,0.0,1.0,1.0,0.0,0.0,0.0,0.0
0.0,1,0.0,1.0,1.0,0.0,0.0,0.0,0.0
0.11267605633802817,1,0.0,1.0,1.0,0.0,0.0,0.0,0.0
1.0,1,0.0,1.0,1.0,0.0,0.0,0.0,0.0
0.25,1,0.25,1.0,1.0,0.0,0.0,0.0,0.0
1.0,1,0.0,1.0,1.0,0.0,0.0,0.0,0.0
0.0,1,0.0,1.0,1.0,0.0,0.0,0.0,0.0
0.8888888888888888,1,0.0,0.8888888888888888,1.0,0.0,0.0,0.1111111111111111,0.0
0.0,1,0.0,1.0,1.0,0.0,0.0,0.0,0.0
1.0,1,0.0,1.0,1.0,0.0,0.0,0.0,0.0
0.0,1,0.0,1.0,1.0,0.0,0.0,0.0,0.0
0.0,1,0.0,1.0,1.0,0.0,0.0,0.0,0.0
0.0,1,0.0,0.6666666666666666,1.0,0.0,0.0,0.3333333333333333,0.0
0.42857142857142855,1,0.0,1.0,1.0,0.0,0.0,0.0,0.0
0.0,1,0.0,1.0,1.0,0.0,0.0,0.0,0.0
0.25,1,0.25,1.0,1.0,0.0,0.0,0.0,0.0
0.0,1,0.07142857142857142,1.0,1.0,0.0,0.0,0.0,0.0
0.0,1,0.25,1.0,1.0,0.0,0.0,0.0,0.0
0.0,1,0.0,1.0,1.0,0.0,0.0,0.0,0.0
0.0013850415512465374,1,0.0,0.997229916897507,1.0,0.0,0.0,0.002770083102493075,0.0
1.0,1,0.0,1.0,1.0,0.0,0.0,0.0,0.0
0.058823529411764705,1,0.0,0.9705882352941176,1.0,0.0,0.0,0.029411764705882353,0.0
0.0,1,0.0,1.0,1.0,0.0,0.0,0.0,0.0
0.0,1,0.0,0.8333333333333334,1.0,0.0,0.0,0.16666666666666666,0.0
0.0,1,0.0,1.0,1.0,0.0,0.0,0.0,0.0
0.5714285714285714,1,0.14285714285714285,1.0,1.0,0.0,0.0,0.0,0.0
0.5,1,0.0,1.0,1.0,0.0,0.0,0.0,0.0
0.0,1,0.0,0.9166666666666666,1.0,0.0,0.0,0.08333333333333333,0.0
1.0,1,0.0,1.0,1.0,0.0,0.0,0.0,0.0
0.0,1,0.0,1.0,1.0,0.0,0.0,0.0,0.0
0.14906832298136646,1,0.012422360248447204,0.9813664596273292,1.0,0.0,0.0,0.018633540372670808,0.0
0.75,1,0.0,1.0,1.0,0.0,0.0,0.0,0.0
0.29411764705882354,1,0.29411764705882354,1.0,1.0,0.0,0.0,0.0,0.0
1.0,1,0.0,1.0,1.0,0.0,0.0,0.0,0.0
0.8888888888888888,1,0.0,1.0,1.0,0.0,0.0,0.0,0.0
0.125,1,0.0,1.0,1.0,0.0,0.0,0.0,0.0
0.6363636363636364,1,0.6363636363636364,1.0,1.0,0.0,0.0,0.0,0.0
0.25,1,0.0,0.75,1.0,0.0,0.0,0.25,0.0
0.4166666666666667,1,0.0,1.0,1.0,0.0,0.0,0.0,0.0
0.0,1,1.0,1.0,1.0,0.0,0.0,0.0,0.0
0.5,2,1.0,1.0,1.0,0.0,0.0,0.0,0.0
0.8,1,0.0,1.0,1.0,0.0,0.0,0.0,0.0
1.0,1,0.0,1.0,1.0,0.0,0.0,0.0,0.0
0.0,1,0.0,1.0,1.0,0.0,0.0,0.0,0.0
1.0,1,0.0,1.0,1.0,0.0,0.0,0.0,0.0
0.0,1,0.0,1.0,1.0,0.0,0.0,0.0,0.0
0.0,1,0.0,1.0,1.0,0.0,0.0,0.0,0.0
1.0,1,0.0,1.0,1.0,0.0,0.0,0.0,0.0
1.0,1,0.5,1.0,1.0,0.0,0.0,0.0,0.0
0.3333333333333333,1,0.3333333333333333,1.0,1.0,0.0,0.0,0.0,0.0
0.0,1,0.0,1.0,1.0,0.0,0.0,0.0,0.0
0.0,1,0.0,1.0,1.0,0.0,0.0,0.0,0.0
0.2361111111111111,5,0.0,1.0,1.0,0.0,0.0,0.0,0.0
0.0,1,0.0,1.0,1.0,0.0,0.0,0.0,0.0
1.0,1,0.0,1.0,1.0,0.0,0.0,0.0,0.0
0.38636363636363635,1,0.0,1.0,1.0,0.0,0.0,0.0,0.0
1.0,1,0.0,1.0,1.0,0.0,0.0,0.0,0.0
0.6333333333333333,2,0.0,0.9333333333333333,1.0,0.0,0.0,0.06666666666666667,0.0
1.0,1,0.0,1.0,1.0,0.0,0.0,0.0,0.0
0.0,1,0.0,1.0,1.0,0.0,0.0,0.0,0.0
0.0,1,0.0,1.0,1.0,0.0,0.0,0.0,0.0
0.0,1,0.0,1.0,1.0,0.0,0.0,0.0,0.0
0.6666666666666666,1,0.0,1.0,1.0,0.0,0.0,0.0,0.0
0.047619047619047616,1,0.0,1.0,1.0,0.0,0.0,0.0,0.0
0.25,1,0.25,1.0,1.0,0.0,0.0,0.0,0.0
1.0,2,0.0,1.0,1.0,0.0,0.0,0.0,0.0
0.07142857142857142,1,0.07142857142857142,1.0,1.0,0.0,0.0,0.0,0.0
0.0,1,0.3333333333333333,1.0,1.0,0.0,0.0,0.0,0.0
0.0,1,0.6666666666666666,1.0,1.0,0.0,0.0,0.0,0.0
0.6666666666666666,1,0.0,1.0,1.0,0.0,0.0,0.0,0.0
0.4,1,0.0,1.0,1.0,0.0,0.0,0.0,0.0
0.06382978723404255,1,0.02127659574468085,1.0,1.0,0.0,0.0,0.0,0.0
1.0,1,0.0,1.0,1.0,0.0,0.0,0.0,0.0
0.0,1,0.0,1.0,1.0,0.0,0.0,0.0,0.0
1.0,1,0.0,1.0,1.0,0.0,0.0,0.0,0.0
0.3333333333333333,1,0.0,1.0,1.0,0.0,0.0,0.0,0.0
0.0,1,0.0,1.0,1.0,0.0,0.0,0.0,0.0
0.045454545454545456,1,0.0,0.9090909090909091,1.0,0.0,0.0,0.09090909090909091,0.0
1.0,1,0.0,1.0,1.0,0.0,0.0,0.0,0.0
0.8974358974358975,1,0.0,1.0,1.0,0.0,0.0,0.0,0.0
0.9197860962566845,1,0.0,1.0,1.0,0.0,0.0,0.0,0.0
1.0,1,0.0,1.0,1.0,0.0,0.0,0.0,0.0
0.0,1,0.0,1.0,1.0,0.0,0.0,0.0,0.0
0.2222222222222222,1,0.0,1.0,1.0,0.0,0.0,0.0,0.0
0.0,1,0.0,1.0,1.0,0.0,0.0,0.0,0.0
0.0,1,0.0,1.0,1.0,0.0,0.0,0.0,0.0
1.0,1,0.0,1.0,1.0,0.0,0.0,0.0,0.0
0.0,1,0.0,1.0,1.0,0.0,0.0,0.0,0.0
0.0136986301369863,1,0.0,1.0,1.0,0.0,0.0,0.0,0.0
0.5,1,0.5,1.0,1.0,0.0,0.0,0.0,0.0
0.10569105691056911,1,0.0,0.983739837398374,1.0,0.0,0.0,0.016260162601626018,0.0
0.0,1,0.0,1.0,1.0,0.0,0.0,0.0,0.0
0.0,1,0.5,1.0,1.0,0.0,0.0,0.0,0.0
0.0,1,0.0,1.0,1.0,0.0,0.0,0.0,0.0
0.0,1,0.0,1.0,1.0,0.0,0.0,0.0,0.0
0.0,1,0.0,1.0,1.0,0.0,0.0,0.0,0.0
0.0,1,0.0,1.0,1.0,0.0,0.0,0.0,0.0
0.0,1,0.0,1.0,1.0,0.0,0.0,0.0,0.0
0.0,1,0.0,1.0,1.0,0.0,0.0,0.0,0.0
1.0,1,0.0,1.0,1.0,0.0,0.0,0.0,0.0
0.5,1,0.0,1.0,1.0,0.0,0.0,0.0,0.0
1.0,1,0.0,1.0,1.0,0.0,0.0,0.0,0.0
0.06944444444444445,1,0.0,1.0,1.0,0.0,0.0,0.0,0.0
0.0,1,0.0,1.0,1.0,0.0,0.0,0.0,0.0
0.42857142857142855,1,0.0,1.0,1.0,0.0,0.0,0.0,0.0
0.03333333333333333,1,0.0,0.8333333333333334,1.0,0.0,0.0,0.16666666666666666,0.0
0.8571428571428571,1,0.0,1.0,1.0,0.0,0.0,0.0,0.0
0.0,1,0.375,1.0,1.0,0.0,0.0,0.0,0.0
1.0,1,1.0,1.0,1.0,0.0,0.0,0.0,0.0
0.0,1,0.0,1.0,1.0,0.0,0.0,0.0,0.0
0.0,1,0.0,1.0,1.0,0.0,0.0,0.0,0.0
0.3626373626373626,1,0.0,1.0,1.0,0.0,0.0,0.0,0.0
0.19230769230769232,1,0.0,1.0,1.0,0.0,0.0,0.0,0.0
0.0,1,0.14285714285714285,1.0,1.0,0.0,0.0,0.0,0.0
0.25,1,0.0,0.875,1.0,0.0,0.0,0.125,0.0
0.0,1,0.0,1.0,1.0,0.0,0.0,0.0,0.0
0.0,1,0.0,1.0,1.0,0.0,0.0,0.0,0.0
0.0,1,0.0,1.0,1.0,0.0,0.0,0.0,0.0
0.0,1,0.0,1.0,1.0,0.0,0.0,0.0,0.0
0.0,1,1.0,1.0,1.0,0.0,0.0,0.0,0.0
0.0,1,0.0,1.0,1.0,0.0,0.0,0.0,0.0
0.0,1,0.0,0.75,1.0,0.0,0.0,0.25,0.0
0.0,1,0.0,1.0,1.0,0.0,0.0,0.0,0.0
0.0,1,1.0,1.0,1.0,0.0,0.0,0.0,0.0
0.0,1,0.0,1.0,1.0,0.0,0.0,0.0,0.0
0.0,1,0.5,1.0,1.0,0.0,0.0,0.0,0.0
0.4,1,0.4,1.0,1.0,0.0,0.0,0.0,0.0
0.0,1,0.0,1.0,1.0,0.0,0.0,0.0,0.0
0.0,1,0.0,1.0,1.0,0.0,0.0,0.0,0.0
0.009868421052631578,1,0.0,0.9901315789473685,1.0,0.0,0.0,0.009868421052631578,0.0
0.0,1,0.0,1.0,1.0,0.0,0.0,0.0,0.0
0.0,1,0.0,1.0,1.0,0.0,0.0,0.0,0.0
0.0,1,0.0,1.0,1.0,0.0,0.0,0.0,0.0
0.1,1,0.0,0.9,1.0,0.0,0.0,0.1,0.0
0.0,1,0.0,1.0,1.0,0.0,0.0,0.0,0.0
0.038461538461538464,1,0.0,0.9230769230769231,1.0,0.0,0.0,0.07692307692307693,0.0
0.0,1,0.0,1.0,1.0,0.0,0.0,0.0,0.0
0.03508771929824561,2,0.07017543859649122,1.0,1.0,0.0,0.0,0.0,0.0
0.9464285714285714,1,0.0,1.0,1.0,0.0,0.0,0.0,0.0
0.25,1,0.0,1.0,1.0,0.0,0.0,0.0,0.0
0.0,1,0.0,1.0,1.0,0.0,0.0,0.0,0.0
0.9234972677595629,1,0.0,0.994535519125683,1.0,0.0,0.0,0.00546448087431694,0.0
0.0,1,0.0,1.0,1.0,0.0,0.0,0.0,0.0
1.0,1,0.0,1.0,1.0,0.0,0.0,0.0,0.0
0.8205128205128205,2,0.0,1.0,1.0,0.0,0.0,0.0,0.0
0.75,1,0.0,1.0,1.0,0.0,0.0,0.0,0.0
0.0,1,0.0,1.0,1.0,0.0,0.0,0.0,0.0
1.0,1,0.0,1.0,1.0,0.0,0.0,0.0,0.0
0.0,1,0.0,1.0,1.0,0.0,0.0,0.0,0.0
0.6,1,0.0,0.6,1.0,0.0,0.0,0.4,0.0
0.6091954022988506,1,0.0,1.0,1.0,0.0,0.0,0.0,0.0
0.0,1,0.8,1.0,1.0,0.0,0.0,0.0,0.0
1.0,1,0.0,1.0,1.0,0.0,0.0,0.0,0.0
0.9583333333333334,1,0.0,1.0,1.0,0.0,0.0,0.0,0.0
0.0,1,0.0,1.0,1.0,0.0,0.0,0.0,0.0
0.3055555555555556,1,0.0,1.0,1.0,0.0,0.0,0.0,0.0
0.3684210526315789,1,0.0,1.0,1.0,0.0,0.0,0.0,0.0
1.0,1,0.0,1.0,1.0,0.0,0.0,0.0,0.0
0.0,1,0.0,1.0,1.0,0.0,0.0,0.0,0.0
0.0,1,0.0,1.0,1.0,0.0,0.0,0.0,0.0
1.0,1,0.0,1.0,1.0,0.0,0.0,0.0,0.0
0.02040816326530612,1,0.0,1.0,1.0,0.0,0.0,0.0,0.0
0.0,1,0.0,1.0,1.0,0.0,0.0,0.0,0.0
0.16666666666666666,1,0.0,1.0,1.0,0.0,0.0,0.0,0.0
0.42857142857142855,1,0.0,1.0,1.0,0.0,0.0,0.0,0.0
0.0,1,0.0,1.0,1.0,0.0,0.0,0.0,0.0
0.5,1,0.0,1.0,1.0,0.0,0.0,0.0,0.0
0.518796992481203,1,0.0,0.9924812030075187,1.0,0.0,0.0,0.007518796992481203,0.0
1.0,1,0.0,1.0,1.0,0.0,0.0,0.0,0.0
0.36363636363636365,1,0.0,1.0,1.0,0.0,0.0,0.0,0.0
0.4,1,0.0,1.0,1.0,0.0,0.0,0.0,0.0
0.0,1,1.0,1.0,1.0,0.0,0.0,0.0,0.0
1.0,1,0.0,1.0,1.0,0.0,0.0,0.0,0.0
0.0,1,0.5,1.0,1.0,0.0,0.0,0.0,0.0
0.0,1,0.0,1.0,1.0,0.0,0.0,0.0,0.0
0.0,1,0.0,1.0,1.0,0.0,0.0,0.0,0.0
0.0,1,0.0,1.0,1.0,0.0,0.0,0.0,0.0
0.0,1,0.0,1.0,1.0,0.0,0.0,0.0,0.0
1.0,1,0.0,1.0,1.0,0.0,0.0,0.0,0.0
0.0,1,0.0,1.0,1.0,0.0,0.0,0.0,0.0
0.975,1,0.0,1.0,1.0,0.0,0.0,0.0,0.0
0.6666666666666666,1,0.0,1.0,1.0,0.0,0.0,0.0,0.0
0.3333333333333333,1,0.0,1.0,1.0,0.0,0.0,0.0,0.0
0.75,1,0.5,1.0,1.0,0.0,0.0,0.0,0.0
1.0,1,0.0,1.0,1.0,0.0,0.0,0.0,0.0
0.0,1,0.0,1.0,1.0,0.0,0.0,0.0,0.0
0.76,3,0.0,0.9066666666666666,1.0,0.0,0.0,0.09333333333333334,0.0
0.808695652173913,1,0.008695652173913044,0.9826086956521739,1.0,0.0,0.0,0.017391304347826087,0.0
0.5,1,0.0,1.0,1.0,0.0,0.0,0.0,0.0
0.0,1,0.0,1.0,1.0,0.0,0.0,0.0,0.0
0.0,1,0.0,0.98,1.0,0.0,0.0,0.02,0.0
0.5,1,0.0,1.0,1.0,0.0,0.0,0.0,0.0
0.0,1,0.0,1.0,1.0,0.0,0.0,0.0,0.0
0.0,1,0.0,0.75,1.0,0.0,0.0,0.25,0.0
1.0,1,0.0,1.0,1.0,0.0,0.0,0.0,0.0
0.0,1,0.0,1.0,1.0,0.0,0.0,0.0,0.0
0.8,1,0.0,1.0,1.0,0.0,0.0,0.0,0.0
0.0,1,0.0,1.0,1.0,0.0,0.0,0.0,0.0
0.0,1,0.0,1.0,1.0,0.0,0.0,0.0,0.0
0.75,1,0.0,1.0,1.0,0.0,0.0,0.0,0.0
0.5862068965517241,1,0.0,1.0,1.0,0.0,0.0,0.0,0.0
0.9130434782608695,1,0.0,1.0,1.0,0.0,0.0,0.0,0.0
0.9661016949152542,1,0.0,1.0,1.0,0.0,0.0,0.0,0.0
0.5,1,0.0,1.0,1.0,0.0,0.0,0.0,0.0
0.14285714285714285,1,0.0,0.6190476190476191,1.0,0.0,0.0,0.38095238095238093,0.0
0.0,1,0.0,1.0,1.0,0.0,0.0,0.0,0.0
0.1111111111111111,1,0.0,0.9629629629629629,1.0,0.0,0.0,0.037037037037037035,0.0
1.0,1,0.0,1.0,1.0,0.0,0.0,0.0,0.0
0.09135802469135802,1,0.0,1.0,1.0,0.0,0.0,0.0,0.0
0.03125,1,0.0,1.0,1.0,0.0,0.0,0.0,0.0
0.0,1,0.0,0.9333333333333333,1.0,0.0,0.0,0.06666666666666667,0.0
0.2,1,0.0,1.0,1.0,0.0,0.0,0.0,0.0
1.0,1,0.0,1.0,1.0,0.0,0.0,0.0,0.0
0.0,1,0.0,1.0,1.0,0.0,0.0,0.0,0.0
0.0,1,0.0,1.0,1.0,0.0,0.0,0.0,0.0
0.3488372093023256,1,0.06976744186046512,1.0,1.0,0.0,0.0,0.0,0.0
0.0,1,0.0,1.0,1.0,0.0,0.0,0.0,0.0
0.5,1,0.0,1.0,1.0,0.0,0.0,0.0,0.0
0.07692307692307693,1,0.0,1.0,1.0,0.0,0.0,0.0,0.0
0.0,1,0.0,1.0,1.0,0.0,0.0,0.0,0.0
0.6666666666666666,1,0.0,1.0,1.0,0.0,0.0,0.0,0.0
0.6666666666666666,1,0.1111111111111111,1.0,1.0,0.0,0.0,0.0,0.0
0.2,1,0.0,0.9714285714285714,1.0,0.0,0.0,0.02857142857142857,0.0
0.0,1,0.0,1.0,1.0,0.0,0.0,0.0,0.0
0.0,1,1.0,1.0,1.0,0.0,0.0,0.0,0.0
0.020697167755991286,1,0.023965141612200435,0.9978213507625272,1.0,0.0,0.0,0.002178649237472767,0.0
0.0,1,0.0,1.0,1.0,0.0,0.0,0.0,0.0
0.0,1,0.0,1.0,1.0,0.0,0.0,0.0,0.0
0.0,1,0.0,1.0,1.0,0.0,0.0,0.0,0.0
0.8857142857142857,1,0.0,1.0,1.0,0.0,0.0,0.0,0.0
0.0,1,0.0,1.0,1.0,0.0,0.0,0.0,0.0
0.4166666666666667,1,0.0,1.0,1.0,0.0,0.0,0.0,0.0
0.16666666666666666,1,0.0,1.0,1.0,0.0,0.0,0.0,0.0
0.0,1,0.0,1.0,1.0,0.0,0.0,0.0,0.0
0.9748427672955975,1,0.0,1.0,1.0,0.0,0.0,0.0,0.0
0.5,1,0.0,1.0,1.0,0.0,0.0,0.0,0.0
0.0,1,0.0,1.0,1.0,0.0,0.0,0.0,0.0
0.045454545454545456,1,0.0,1.0,1.0,0.0,0.0,0.0,0.0
0.25,1,0.0,1.0,1.0,0.0,0.0,0.0,0.0
1.0,1,0.0,1.0,1.0,0.0,0.0,0.0,0.0
0.0,1,0.6666666666666666,0.6666666666666666,1.0,0.0,0.0,0.3333333333333333,0.0
0.6666666666666666,1,0.3333333333333333,1.0,1.0,0.0,0.0,0.0,0.0
0.0,1,0.0,1.0,1.0,0.0,0.0,0.0,0.0
0.0,1,0.0,1.0,1.0,0.0,0.0,0.0,0.0
0.1,1,0.0,1.0,1.0,0.0,0.0,0.0,0.0
0.8,1,0.2,1.0,1.0,0.0,0.0,0.0,0.0
0.11627906976744186,1,0.0,1.0,1.0,0.0,0.0,0.0,0.0
0.038461538461538464,1,0.038461538461538464,0.8461538461538461,1.0,0.0,0.0,0.15384615384615385,0.0
1.0,1,0.0,1.0,1.0,0.0,0.0,0.0,0.0
0.75,1,0.25,1.0,1.0,0.0,0.0,0.0,0.0
0.0,1,0.6,1.0,1.0,0.0,0.0,0.0,0.0
0.0,1,0.0,1.0,1.0,0.0,0.0,0.0,0.0
0.375,1,0.0,1.0,1.0,0.0,0.0,0.0,0.0
0.08108108108108109,1,0.0,1.0,1.0,0.0,0.0,0.0,0.0
0.0,1,0.0,1.0,1.0,0.0,0.0,0.0,0.0
0.0,1,0.0,0.0,1.0,0.0,0.0,1.0,0.0
0.5492957746478874,1,0.0,0.971830985915493,1.0,0.0,0.0,0.028169014084507043,0.0
0.0,1,0.0,0.6666666666666666,1.0,0.0,0.0,0.3333333333333333,0.0
0.25,1,0.0,1.0,1.0,0.0,0.0,0.0,0.0
1.0,1,0.0,1.0,1.0,0.0,0.0,0.0,0.0
0.2692307692307692,1,0.0,1.0,1.0,0.0,0.0,0.0,0.0
0.0,1,0.0,1.0,1.0,0.0,0.0,0.0,0.0
1.0,1,0.0,1.0,1.0,0.0,0.0,0.0,0.0
0.5714285714285714,1,0.0,1.0,1.0,0.0,0.0,0.0,0.0
0.15384615384615385,1,0.0,1.0,1.0,0.0,0.0,0.0,0.0
0.0,1,0.0,1.0,1.0,0.0,0.0,0.0,0.0
0.09090909090909091,1,0.0,1.0,1.0,0.0,0.0,0.0,0.0
1.0,1,0.0,1.0,1.0,0.0,0.0,0.0,0.0
0.0,1,0.0,1.0,1.0,0.0,0.0,0.0,0.0
0.5,1,0.0,1.0,1.0,0.0,0.0,0.0,0.0
0.38461538461538464,1,0.0,1.0,1.0,0.0,0.0,0.0,0.0
0.23076923076923078,1,0.0,1.0,1.0,0.0,0.0,0.0,0.0
1.0,1,0.0,1.0,1.0,0.0,0.0,0.0,0.0
0.0,1,0.0,1.0,1.0,0.0,0.0,0.0,0.0
0.5714285714285714,1,0.14285714285714285,1.0,1.0,0.0,0.0,0.0,0.0
0.0,1,0.0,1.0,1.0,0.0,0.0,0.0,0.0
0.0,1,0.0,1.0,1.0,0.0,0.0,0.0,0.0
0.1111111111111111,1,0.0,1.0,1.0,0.0,0.0,0.0,0.0
0.0,1,0.0,1.0,1.0,0.0,0.0,0.0,0.0
0.0,1,0.0,1.0,1.0,0.0,0.0,0.0,0.0
0.041666666666666664,1,0.0,1.0,1.0,0.0,0.0,0.0,0.0
0.0,1,0.0,1.0,1.0,0.0,0.0,0.0,0.0
1.0,1,0.0,1.0,1.0,0.0,0.0,0.0,0.0
0.0,1,0.0,0.0,1.0,0.0,0.0,1.0,0.0
0.0,1,0.0,1.0,1.0,0.0,0.0,0.0,0.0
0.6,1,0.0,1.0,1.0,0.0,0.0,0.0,0.0
0.043478260869565216,1,0.0,1.0,1.0,0.0,0.0,0.0,0.0
0.1,1,1.0,1.0,1.0,0.0,0.0,0.0,0.0
0.0,1,0.0,1.0,1.0,0.0,0.0,0.0,0.0
0.0,1,0.0,1.0,1.0,0.0,0.0,0.0,0.0
1.0,1,0.0,1.0,1.0,0.0,0.0,0.0,0.0
0.13333333333333333,1,0.0,0.9333333333333333,1.0,0.0,0.0,0.06666666666666667,0.0
0.6,1,0.2,1.0,1.0,0.0,0.0,0.0,0.0
0.0,1,0.0,0.75,1.0,0.0,0.0,0.25,0.0
0.26851851851851855,3,0.0,0.9938271604938271,1.0,0.0,0.0,0.006172839506172839,0.0
0.0,1,0.0,0.0,1.0,0.0,0.0,1.0,0.0
0.5,1,0.0,1.0,1.0,0.0,0.0,0.0,0.0
0.20689655172413793,1,0.0,1.0,1.0,0.0,0.0,0.0,0.0
0.875,1,0.0,0.9583333333333334,1.0,0.0,0.0,0.041666666666666664,0.0
0.6,1,0.0,1.0,1.0,0.0,0.0,0.0,0.0
0.375,1,0.0,1.0,1.0,0.0,0.0,0.0,0.0
0.0,1,0.0,0.0,1.0,0.0,0.0,1.0,0.0
0.0,1,0.0,1.0,1.0,0.0,0.0,0.0,0.0
0.9285714285714286,1,0.0,1.0,1.0,0.0,0.0,0.0,0.0
0.29411764705882354,1,0.23529411764705882,0.8235294117647058,1.0,0.0,0.0,0.17647058823529413,0.0
0.0,1,0.0,1.0,1.0,0.0,0.0,0.0,0.0
0.0,1,0.0,1.0,1.0,0.0,0.0,0.0,0.0
0.0,1,0.0,1.0,1.0,0.0,0.0,0.0,0.0
0.0,1,0.0,1.0,1.0,0.0,0.0,0.0,0.0
0.3333333333333333,1,0.0,1.0,1.0,0.0,0.0,0.0,0.0
0.7586206896551724,1,0.034482758620689655,1.0,1.0,0.0,0.0,0.0,0.0
1.0,1,0.0,1.0,1.0,0.0,0.0,0.0,0.0
0.06666666666666667,1,0.0,1.0,1.0,0.0,0.0,0.0,0.0
0.0,1,0.017543859649122806,1.0,1.0,0.0,0.0,0.0,0.0
0.05555555555555555,1,0.0,0.9444444444444444,1.0,0.0,0.0,0.05555555555555555,0.0
0.023809523809523808,1,0.0,1.0,1.0,0.0,0.0,0.0,0.0
0.23255813953488372,1,0.0,1.0,1.0,0.0,0.0,0.0,0.0
0.42857142857142855,1,0.0,1.0,1.0,0.0,0.0,0.0,0.0
0.0,1,1.0,1.0,1.0,0.0,0.0,0.0,0.0
0.0,1,0.0,1.0,1.0,0.0,0.0,0.0,0.0
0.8636363636363636,1,0.0,1.0,1.0,0.0,0.0,0.0,0.0
0.5384615384615384,1,0.0,1.0,1.0,0.0,0.0,0.0,0.0
0.3333333333333333,1,0.0,1.0,1.0,0.0,0.0,0.0,0.0
0.33986928104575165,1,0.0,1.0,1.0,0.0,0.0,0.0,0.0
0.0,1,0.0,1.0,1.0,0.0,0.0,0.0,0.0
0.0,1,0.0,1.0,1.0,0.0,0.0,0.0,0.0
0.0,1,1.0,1.0,1.0,0.0,0.0,0.0,0.0
0.0,1,0.0,1.0,1.0,0.0,0.0,0.0,0.0
1.0,1,0.0,1.0,1.0,0.0,0.0,0.0,0.0
0.0,1,0.0,1.0,1.0,0.0,0.0,0.0,0.0
0.0,1,0.0,0.7171052631578947,1.0,0.0,0.0,0.28289473684210525,0.0
0.5,1,0.0,1.0,1.0,0.0,0.0,0.0,0.0
0.7619047619047619,1,0.047619047619047616,1.0,1.0,0.0,0.0,0.0,0.0
1.0,1,0.0,1.0,1.0,0.0,0.0,0.0,0.0
0.0,1,0.0,1.0,1.0,0.0,0.0,0.0,0.0
0.0,1,1.0,1.0,1.0,0.0,0.0,0.0,0.0
0.8301886792452831,1,0.5094339622641509,1.0,1.0,0.0,0.0,0.0,0.0
0.0,1,0.0,1.0,1.0,0.0,0.0,0.0,0.0
0.75,1,0.0,1.0,1.0,0.0,0.0,0.0,0.0
1.0,1,0.0,1.0,1.0,0.0,0.0,0.0,0.0
0.5,1,0.0,1.0,1.0,0.0,0.0,0.0,0.0
0.8333333333333334,1,0.0,0.8333333333333334,1.0,0.0,0.0,0.16666666666666666,0.0
1.0,1,0.0,1.0,1.0,0.0,0.0,0.0,0.0
0.0,1,0.0,1.0,1.0,0.0,0.0,0.0,0.0
0.5714285714285714,1,0.0,1.0,1.0,0.0,0.0,0.0,0.0
0.8,1,0.2,1.0,1.0,0.0,0.0,0.0,0.0
0.0,1,0.0,1.0,1.0,0.0,0.0,0.0,0.0
0.0,1,0.0,1.0,1.0,0.0,0.0,0.0,0.0
0.0,1,0.0,1.0,1.0,0.0,0.0,0.0,0.0
0.0,1,0.0,1.0,1.0,0.0,0.0,0.0,0.0
0.7303370786516854,1,0.011235955056179775,1.0,1.0,0.0,0.0,0.0,0.0
0.0,1,0.0,1.0,1.0,0.0,0.0,0.0,0.0
1.0,1,0.0,0.0,1.0,0.0,0.0,1.0,0.0
0.041666666666666664,1,0.0,1.0,1.0,0.0,0.0,0.0,0.0
1.0,1,0.0,1.0,1.0,0.0,0.0,0.0,0.0
0.03508771929824561,1,0.0,1.0,1.0,0.0,0.0,0.0,0.0
0.0,1,0.0,1.0,1.0,0.0,0.0,0.0,0.0
1.0,1,0.0,1.0,1.0,0.0,0.0,0.0,0.0
0.0,1,0.0,1.0,1.0,0.0,0.0,0.0,0.0
0.2569832402234637,2,0.0,0.44692737430167595,1.0,0.0,0.0,0.553072625698324,0.0
0.0,1,0.0,1.0,1.0,0.0,0.0,0.0,0.0
1.0,1,0.0,1.0,1.0,0.0,0.0,0.0,0.0
0.38461538461538464,1,0.0,1.0,1.0,0.0,0.0,0.0,0.0
0.0,1,0.0,1.0,1.0,0.0,0.0,0.0,0.0
0.0,1,0.0,0.0,1.0,0.0,0.0,1.0,0.0
0.0,1,0.0,1.0,1.0,0.0,0.0,0.0,0.0
1.0,1,0.0,1.0,1.0,0.0,0.0,0.0,0.0
0.3333333333333333,1,0.0,1.0,1.0,0.0,0.0,0.0,0.0
0.8571428571428571,1,0.0,1.0,1.0,0.0,0.0,0.0,0.0
1.0,1,1.0,1.0,1.0,0.0,0.0,0.0,0.0
0.0,1,0.02564102564102564,1.0,1.0,0.0,0.0,0.0,0.0
0.0,1,0.0,1.0,1.0,0.0,0.0,0.0,0.0
0.7096774193548387,1,0.03225806451612903,0.967741935483871,1.0,0.0,0.0,0.03225806451612903,0.0
0.0,1,1.0,1.0,1.0,0.0,0.0,0.0,0.0
0.0,1,0.0,1.0,1.0,0.0,0.0,0.0,0.0
0.0,1,1.0,1.0,1.0,0.0,0.0,0.0,0.0
0.0,1,0.0,1.0,1.0,0.0,0.0,0.0,0.0
0.25,1,0.0,1.0,1.0,0.0,0.0,0.0,0.0
0.0,1,0.0,1.0,1.0,0.0,0.0,0.0,0.0
0.375,1,0.0,1.0,1.0,0.0,0.0,0.0,0.0
0.9411764705882353,1,0.0,0.9411764705882353,1.0,0.0,0.0,0.058823529411764705,0.0
0.1794871794871795,1,0.0,1.0,1.0,0.0,0.0,0.0,0.0
0.75,1,0.0,1.0,1.0,0.0,0.0,0.0,0.0
0.0,1,0.0,1.0,1.0,0.0,0.0,0.0,0.0
0.21311475409836064,2,0.0,0.9508196721311475,1.0,0.0,0.0,0.04918032786885246,0.0
1.0,1,0.0,1.0,1.0,0.0,0.0,0.0,0.0
0.0,1,1.0,1.0,1.0,0.0,0.0,0.0,0.0
0.4857142857142857,1,0.0,1.0,1.0,0.0,0.0,0.0,0.0
0.0,1,0.25,1.0,1.0,0.0,0.0,0.0,0.0
0.6964285714285714,1,0.008928571428571428,1.0,1.0,0.0,0.0,0.0,0.0
0.034482758620689655,1,0.0,1.0,1.0,0.0,0.0,0.0,0.0
0.05128205128205128,1,0.0,1.0,1.0,0.0,0.0,0.0,0.0
0.8928571428571429,1,0.0,0.9821428571428571,1.0,0.0,0.0,0.0,0.0
0.45,1,0.0,1.0,1.0,0.0,0.0,0.0,0.0
0.0,1,0.4,1.0,1.0,0.0,0.0,0.0,0.0
0.010752688172043012,1,0.0,0.967741935483871,1.0,0.0,0.0,0.03225806451612903,0.0
0.0,1,0.0,1.0,1.0,0.0,0.0,0.0,0.0
0.3333333333333333,1,0.0,1.0,1.0,0.0,0.0,0.0,0.0
0.2857142857142857,1,0.0,1.0,1.0,0.0,0.0,0.0,0.0
0.0,1,0.0,1.0,1.0,0.0,0.0,0.0,0.0
0.25,1,0.0,1.0,1.0,0.0,0.0,0.0,0.0
0.5,1,0.25,1.0,1.0,0.0,0.0,0.0,0.0
1.0,1,0.0,1.0,1.0,0.0,0.0,0.0,0.0
0.3709016393442623,1,0.0,1.0,1.0,0.0,0.0,0.0,0.0
1.0,1,0.0,1.0,1.0,0.0,0.0,0.0,0.0
0.38461538461538464,1,0.0,0.9807692307692307,1.0,0.0,0.0,0.019230769230769232,0.0
1.0,1,0.0,1.0,1.0,0.0,0.0,0.0,0.0
0.6081081081081081,1,0.0,0.8783783783783784,1.0,0.0,0.0,0.12162162162162163,0.0
0.5,1,0.0,1.0,1.0,0.0,0.0,0.0,0.0
0.0,1,0.0,1.0,1.0,0.0,0.0,0.0,0.0
0.2857142857142857,1,0.0,1.0,1.0,0.0,0.0,0.0,0.0
0.0,1,0.0,1.0,1.0,0.0,0.0,0.0,0.0
0.0,1,1.0,1.0,1.0,0.0,0.0,0.0,0.0
0.24489795918367346,1,0.02040816326530612,1.0,1.0,0.0,0.0,0.0,0.0
0.0,1,0.0,1.0,1.0,0.0,0.0,0.0,0.0
0.0,1,0.0,1.0,1.0,0.0,0.0,0.0,0.0
0.0,1,0.0,1.0,1.0,0.0,0.0,0.0,0.0
1.0,1,1.0,1.0,1.0,0.0,0.0,0.0,0.0
0.0,1,0.0,1.0,1.0,0.0,0.0,0.0,0.0
0.0,1,0.0,0.6666666666666666,1.0,0.0,0.0,0.3333333333333333,0.0
0.5531914893617021,1,0.0,1.0,1.0,0.0,0.0,0.0,0.0
1.0,1,0.0,1.0,1.0,0.0,0.0,0.0,0.0
0.0,1,0.0,1.0,1.0,0.0,0.0,0.0,0.0
0.11764705882352941,1,0.0,1.0,1.0,0.0,0.0,0.0,0.0
1.0,1,0.0,1.0,1.0,0.0,0.0,0.0,0.0
0.0,1,0.0,1.0,1.0,0.0,0.0,0.0,0.0
0.0,1,0.0,1.0,1.0,0.0,0.0,0.0,0.0
1.0,1,0.0,1.0,1.0,0.0,0.0,0.0,0.0
0.0,1,0.6666666666666666,1.0,1.0,0.0,0.0,0.0,0.0
0.5476190476190477,1,0.047619047619047616,0.9761904761904762,1.0,0.0,0.0,0.023809523809523808,0.0
0.1791044776119403,2,0.0,0.9701492537313433,1.0,0.0,0.0,0.029850746268656716,0.0
0.0,1,0.0,1.0,1.0,0.0,0.0,0.0,0.0
0.0,2,0.0,1.0,1.0,0.0,0.0,0.0,0.0
0.6206896551724138,1,0.0,1.0,1.0,0.0,0.0,0.0,0.0
0.0,1,0.0,1.0,1.0,0.0,0.0,0.0,0.0
0.09090909090909091,1,0.18181818181818182,0.9090909090909091,1.0,0.0,0.0,0.09090909090909091,0.0
0.3333333333333333,1,0.0,1.0,1.0,0.0,0.0,0.0,0.0
0.0,1,0.0,1.0,1.0,0.0,0.0,0.0,0.0
0.0,1,0.0,1.0,1.0,0.0,0.0,0.0,0.0
0.4722222222222222,1,0.0,1.0,1.0,0.0,0.0,0.0,0.0
0.6923076923076923,1,0.0,1.0,1.0,0.0,0.0,0.0,0.0
0.09090909090909091,1,0.0,1.0,1.0,0.0,0.0,0.0,0.0
0.559322033898305,1,0.05084745762711865,0.9830508474576272,1.0,0.0,0.0,0.01694915254237288,0.0
0.0,1,0.0,0.75,1.0,0.0,0.0,0.25,0.0
1.0,1,1.0,1.0,1.0,0.0,0.0,0.0,0.0
0.2,1,0.0,1.0,1.0,0.0,0.0,0.0,0.0
0.0,1,1.0,1.0,1.0,0.0,0.0,0.0,0.0
0.05,1,0.0,1.0,1.0,0.0,0.0,0.0,0.0
0.0,1,1.0,1.0,1.0,0.0,0.0,0.0,0.0
0.30303030303030304,1,0.0,0.9696969696969697,1.0,0.0,0.0,0.030303030303030304,0.0
0.0,1,0.0,1.0,1.0,0.0,0.0,0.0,0.0
0.125,1,0.0,1.0,1.0,0.0,0.0,0.0,0.0
0.0,1,0.0,1.0,1.0,0.0,0.0,0.0,0.0
0.0,1,0.0,1.0,1.0,0.0,0.0,0.0,0.0
0.0,1,1.0,1.0,1.0,0.0,0.0,0.0,0.0
1.0,1,0.0,1.0,1.0,0.0,0.0,0.0,0.0
1.0,1,0.0,1.0,1.0,0.0,0.0,0.0,0.0
1.0,1,1.0,1.0,1.0,0.0,0.0,0.0,0.0
0.0,1,0.0,1.0,1.0,0.0,0.0,0.0,0.0
0.36363636363636365,1,0.0,1.0,1.0,0.0,0.0,0.0,0.0
0.0,1,0.0,1.0,1.0,0.0,0.0,0.0,0.0
0.0,1,0.125,1.0,1.0,0.0,0.0,0.0,0.0
0.0,1,0.6,1.0,1.0,0.0,0.0,0.0,0.0
0.1111111111111111,1,0.0,1.0,1.0,0.0,0.0,0.0,0.0
0.6635294117647059,1,0.0,0.9858823529411764,1.0,0.0,0.0,0.01411764705882353,0.0
0.0,1,0.5,1.0,1.0,0.0,0.0,0.0,0.0
0.0,1,0.0,1.0,1.0,0.0,0.0,0.0,0.0
1.0,1,0.0,1.0,1.0,0.0,0.0,0.0,0.0
0.41935483870967744,1,0.0,1.0,1.0,0.0,0.0,0.0,0.0
0.0,1,1.0,0.0,1.0,0.0,0.0,1.0,0.0
0.6666666666666666,1,0.0,1.0,1.0,0.0,0.0,0.0,0.0
0.8571428571428571,1,0.14285714285714285,1.0,1.0,0.0,0.0,0.0,0.0
0.0,1,0.875,1.0,1.0,0.0,0.0,0.0,0.0
0.0,1,0.0,1.0,1.0,0.0,0.0,0.0,0.0
0.0,1,0.5,1.0,1.0,0.0,0.0,0.0,0.0
0.0,1,0.08333333333333333,1.0,1.0,0.0,0.0,0.0,0.0
0.9166666666666666,1,0.0,1.0,1.0,0.0,0.0,0.0,0.0
0.6666666666666666,1,0.0,1.0,1.0,0.0,0.0,0.0,0.0
1.0,1,0.0,1.0,1.0,0.0,0.0,0.0,0.0
0.0,1,0.0,1.0,1.0,0.0,0.0,0.0,0.0
0.1111111111111111,1,0.0,1.0,1.0,0.0,0.0,0.0,0.0
0.125,1,0.0,1.0,1.0,0.0,0.0,0.0,0.0
0.9310344827586207,1,0.0,1.0,1.0,0.0,0.0,0.0,0.0
0.0,1,0.0,1.0,1.0,0.0,0.0,0.0,0.0
0.0,1,0.0,1.0,1.0,0.0,0.0,0.0,0.0
0.0,1,0.0,0.0,1.0,0.0,0.0,1.0,0.0
0.0,1,0.0,1.0,1.0,0.0,0.0,0.0,0.0
0.0,1,0.0,1.0,1.0,0.0,0.0,0.0,0.0
0.0,1,0.0,1.0,1.0,0.0,0.0,0.0,0.0
1.0,1,0.0,1.0,1.0,0.0,0.0,0.0,0.0
0.0,1,0.0,1.0,1.0,0.0,0.0,0.0,0.0
0.09523809523809523,1,0.047619047619047616,1.0,1.0,0.0,0.0,0.0,0.0
0.0625,1,0.0,1.0,1.0,0.0,0.0,0.0,0.0
1.0,1,0.0,1.0,1.0,0.0,0.0,0.0,0.0
0.0,1,0.0,1.0,1.0,0.0,0.0,0.0,0.0
0.25,1,0.0,1.0,1.0,0.0,0.0,0.0,0.0
0.19923371647509577,1,0.0,1.0,1.0,0.0,0.0,0.0,0.0
1.0,1,0.0,1.0,1.0,0.0,0.0,0.0,0.0
0.0,1,0.0,1.0,1.0,0.0,0.0,0.0,0.0
0.3333333333333333,1,0.8333333333333334,1.0,1.0,0.0,0.0,0.0,0.0
0.0,1,0.0,1.0,1.0,0.0,0.0,0.0,0.0
0.75,1,0.25,1.0,1.0,0.0,0.0,0.0,0.0
0.0,1,0.0,1.0,1.0,0.0,0.0,0.0,0.0
1.0,1,0.0,1.0,1.0,0.0,0.0,0.0,0.0
0.0,1,0.25,1.0,1.0,0.0,0.0,0.0,0.0
1.0,1,0.0,1.0,1.0,0.0,0.0,0.0,0.0
1.0,1,0.5483870967741935,1.0,1.0,0.0,0.0,0.0,0.0
0.8181818181818182,1,0.0,1.0,1.0,0.0,0.0,0.0,0.0
0.25,5,0.0,1.0,1.0,0.0,0.0,0.0,0.0
0.3333333333333333,1,0.0,1.0,1.0,0.0,0.0,0.0,0.0
0.0,1,0.0,1.0,1.0,0.0,0.0,0.0,0.0
0.06430155210643015,1,0.0,0.9955654101995566,1.0,0.0,0.0,0.0,0.0
1.0,1,0.0,1.0,1.0,0.0,0.0,0.0,0.0
0.0,1,0.0,1.0,1.0,0.0,0.0,0.0,0.0
0.9672131147540983,1,0.0,1.0,1.0,0.0,0.0,0.0,0.0
0.0,1,0.0,1.0,1.0,0.0,0.0,0.0,0.0
0.875,1,0.0,1.0,1.0,0.0,0.0,0.0,0.0
0.0,1,0.0,1.0,1.0,0.0,0.0,0.0,0.0
0.0,1,0.0,1.0,1.0,0.0,0.0,0.0,0.0
0.0,1,0.0,1.0,1.0,0.0,0.0,0.0,0.0
1.0,1,0.0,1.0,1.0,0.0,0.0,0.0,0.0
0.0,1,0.0,1.0,1.0,0.0,0.0,0.0,0.0
0.0,1,0.0,1.0,1.0,0.0,0.0,0.0,0.0
0.5,1,0.0,1.0,1.0,0.0,0.0,0.0,0.0
0.0,1,0.0,1.0,1.0,0.0,0.0,0.0,0.0
0.3125,1,0.0,1.0,1.0,0.0,0.0,0.0,0.0
0.11940298507462686,1,0.0,1.0,1.0,0.0,0.0,0.0,0.0
0.0,1,0.0,1.0,1.0,0.0,0.0,0.0,0.0
0.6867469879518072,2,0.012048192771084338,0.9879518072289156,1.0,0.0,0.0,0.012048192771084338,0.0
0.0,1,0.0,1.0,1.0,0.0,0.0,0.0,0.0
0.44,1,0.0,1.0,1.0,0.0,0.0,0.0,0.0
0.0,1,1.0,1.0,1.0,0.0,0.0,0.0,0.0
0.0,1,0.0,1.0,1.0,0.0,0.0,0.0,0.0
0.0,1,0.0,1.0,1.0,0.0,0.0,0.0,0.0
0.0,1,0.125,1.0,1.0,0.0,0.0,0.0,0.0
0.9333333333333333,1,0.0,1.0,1.0,0.0,0.0,0.0,0.0
0.0,1,0.0,1.0,1.0,0.0,0.0,0.0,0.0
0.5833333333333334,1,0.0,1.0,1.0,0.0,0.0,0.0,0.0
0.5301204819277109,1,0.0,1.0,1.0,0.0,0.0,0.0,0.0
0.058823529411764705,1,0.0,1.0,1.0,0.0,0.0,0.0,0.0
0.05,1,0.0,1.0,1.0,0.0,0.0,0.0,0.0
0.3333333333333333,1,0.3333333333333333,0.3333333333333333,1.0,0.0,0.0,0.6666666666666666,0.0
0.6666666666666666,1,0.16666666666666666,1.0,1.0,0.0,0.0,0.0,0.0
0.0,1,0.0,1.0,1.0,0.0,0.0,0.0,0.0
0.0,1,0.75,1.0,1.0,0.0,0.0,0.0,0.0
0.0,1,0.0,1.0,1.0,0.0,0.0,0.0,0.0
0.0,1,0.0,1.0,1.0,0.0,0.0,0.0,0.0
0.14285714285714285,1,0.0,1.0,1.0,0.0,0.0,0.0,0.0
0.0,1,0.0,1.0,1.0,0.0,0.0,0.0,0.0
0.0,1,0.0,1.0,1.0,0.0,0.0,0.0,0.0
0.0,1,0.0,1.0,1.0,0.0,0.0,0.0,0.0
0.03333333333333333,1,0.0,1.0,1.0,0.0,0.0,0.0,0.0
1.0,1,1.0,0.0,1.0,0.0,0.0,1.0,0.0
0.8666666666666667,1,0.0,1.0,1.0,0.0,0.0,0.0,0.0
0.0,1,0.0,1.0,1.0,0.0,0.0,0.0,0.0
1.0,1,0.0,1.0,1.0,0.0,0.0,0.0,0.0
0.5,1,1.0,1.0,1.0,0.0,0.0,0.0,0.0
0.0,1,0.0,1.0,1.0,0.0,0.0,0.0,0.0
0.0,1,0.0,1.0,1.0,0.0,0.0,0.0,0.0
0.0,1,0.0,1.0,1.0,0.0,0.0,0.0,0.0
0.2857142857142857,1,0.0,0.7142857142857143,1.0,0.0,0.0,0.2857142857142857,0.0
0.8620689655172413,1,0.0,0.9655172413793104,1.0,0.0,0.0,0.034482758620689655,0.0
1.0,1,0.0,1.0,1.0,0.0,0.0,0.0,0.0
0.0,1,0.0,1.0,1.0,0.0,0.0,0.0,0.0
0.3235294117647059,1,0.0,1.0,1.0,0.0,0.0,0.0,0.0
0.25287356321839083,1,0.0,1.0,1.0,0.0,0.0,0.0,0.0
0.0,1,1.0,1.0,1.0,0.0,0.0,0.0,0.0
0.0,1,0.0,1.0,1.0,0.0,0.0,0.0,0.0
0.5957446808510638,1,0.0,0.9787234042553191,1.0,0.0,0.0,0.02127659574468085,0.0
0.7333333333333333,1,0.0,1.0,1.0,0.0,0.0,0.0,0.0
0.0,1,0.008064516129032258,0.9919354838709677,1.0,0.0,0.0,0.008064516129032258,0.0
0.3333333333333333,1,0.0,0.9333333333333333,1.0,0.0,0.0,0.06666666666666667,0.0
1.0,1,0.0,1.0,1.0,0.0,0.0,0.0,0.0
0.0,1,0.0,1.0,1.0,0.0,0.0,0.0,0.0
1.0,1,0.0,1.0,1.0,0.0,0.0,0.0,0.0
0.0,1,0.0,1.0,1.0,0.0,0.0,0.0,0.0
0.0,1,0.0,1.0,1.0,0.0,0.0,0.0,0.0
1.0,1,0.0,1.0,1.0,0.0,0.0,0.0,0.0
0.5,1,0.0,1.0,1.0,0.0,0.0,0.0,0.0
0.0,1,0.0,1.0,1.0,0.0,0.0,0.0,0.0
0.3333333333333333,1,0.0,1.0,1.0,0.0,0.0,0.0,0.0
0.0,1,0.2,1.0,1.0,0.0,0.0,0.0,0.0
0.0,1,0.0,1.0,1.0,0.0,0.0,0.0,0.0
1.0,1,0.0,1.0,1.0,0.0,0.0,0.0,0.0
0.0,1,0.0,1.0,1.0,0.0,0.0,0.0,0.0
0.4,1,0.0,1.0,1.0,0.0,0.0,0.0,0.0
0.0,1,0.0,1.0,1.0,0.0,0.0,0.0,0.0
0.0,1,1.0,1.0,1.0,0.0,0.0,0.0,0.0
0.26666666666666666,1,0.0,1.0,1.0,0.0,0.0,0.0,0.0
0.37037037037037035,1,0.0,1.0,1.0,0.0,0.0,0.0,0.0
0.8709677419354839,1,0.0,1.0,1.0,0.0,0.0,0.0,0.0
0.0,1,0.0,1.0,1.0,0.0,0.0,0.0,0.0
1.0,1,0.5,1.0,1.0,0.0,0.0,0.0,0.0
0.0,1,0.0,1.0,1.0,0.0,0.0,0.0,0.0
0.0,1,0.0,1.0,1.0,0.0,0.0,0.0,0.0
0.0,1,0.1111111111111111,1.0,1.0,0.0,0.0,0.0,0.0
0.7142857142857143,1,0.0,1.0,1.0,0.0,0.0,0.0,0.0
0.8333333333333334,1,0.0,1.0,1.0,0.0,0.0,0.0,0.0
0.0,1,0.0,1.0,1.0,0.0,0.0,0.0,0.0
0.9487179487179487,1,0.0,1.0,1.0,0.0,0.0,0.0,0.0
0.6666666666666666,1,0.0,1.0,1.0,0.0,0.0,0.0,0.0
0.0,1,0.5,1.0,1.0,0.0,0.0,0.0,0.0
0.5038610038610039,1,0.003861003861003861,1.0,1.0,0.0,0.0,0.0,0.0
0.0,1,0.0,1.0,1.0,0.0,0.0,0.0,0.0
1.0,1,0.0,1.0,1.0,0.0,0.0,0.0,0.0
1.0,1,0.0,1.0,1.0,0.0,0.0,0.0,0.0
0.0,1,0.5,0.0,1.0,0.0,0.0,1.0,0.0
1.0,1,0.0,1.0,1.0,0.0,0.0,0.0,0.0
1.0,1,0.0,1.0,1.0,0.0,0.0,0.0,0.0
0.23880597014925373,1,0.0,0.8544776119402985,1.0,0.0,0.0,0.1455223880597015,0.0
0.0,1,0.0,1.0,1.0,0.0,0.0,0.0,0.0
0.0,1,0.0,1.0,1.0,0.0,0.0,0.0,0.0
0.0,1,0.0,1.0,1.0,0.0,0.0,0.0,0.0
0.0,1,0.0,1.0,1.0,0.0,0.0,0.0,0.0
0.6,1,0.0,1.0,1.0,0.0,0.0,0.0,0.0
0.0,1,1.0,1.0,1.0,0.0,0.0,0.0,0.0
0.0,1,1.0,1.0,1.0,0.0,0.0,0.0,0.0
0.0,1,0.0,1.0,1.0,0.0,0.0,0.0,0.0
0.0,1,0.0,1.0,1.0,0.0,0.0,0.0,0.0
0.7777777777777778,1,1.0,0.5555555555555556,1.0,0.0,0.0,0.4444444444444444,0.0
0.30952380952380953,1,0.023809523809523808,0.9761904761904762,1.0,0.0,0.0,0.023809523809523808,0.0
0.0,1,0.0,1.0,1.0,0.0,0.0,0.0,0.0
1.0,1,0.0,1.0,1.0,0.0,0.0,0.0,0.0
0.049107142857142856,1,0.0,0.9375,1.0,0.0,0.0,0.0625,0.0
0.375,1,0.0,1.0,1.0,0.0,0.0,0.0,0.0
0.0,1,0.0,1.0,1.0,0.0,0.0,0.0,0.0
0.0,1,0.5,1.0,1.0,0.0,0.0,0.0,0.0
0.09012875536480687,2,0.0,1.0,1.0,0.0,0.0,0.0,0.0
0.09090909090909091,1,0.0,0.8181818181818182,1.0,0.0,0.0,0.18181818181818182,0.0
0.11888111888111888,1,0.0,1.0,1.0,0.0,0.0,0.0,0.0
1.0,1,0.0,1.0,1.0,0.0,0.0,0.0,0.0
0.828125,1,0.0,0.859375,1.0,0.0,0.0,0.140625,0.0
0.0,1,0.0,1.0,1.0,0.0,0.0,0.0,0.0
0.0,1,0.0,1.0,1.0,0.0,0.0,0.0,0.0
0.0,1,0.0,1.0,1.0,0.0,0.0,0.0,0.0
0.0,1,0.0,1.0,1.0,0.0,0.0,0.0,0.0
0.0,1,0.0,1.0,1.0,0.0,0.0,0.0,0.0
0.0,1,0.0,1.0,1.0,0.0,0.0,0.0,0.0
0.7222222222222222,1,0.0,1.0,1.0,0.0,0.0,0.0,0.0
0.0,1,0.0,1.0,1.0,0.0,0.0,0.0,0.0
1.0,1,0.0,1.0,1.0,0.0,0.0,0.0,0.0
0.0,1,0.0,1.0,1.0,0.0,0.0,0.0,0.0
0.0,1,0.0,1.0,1.0,0.0,0.0,0.0,0.0
1.0,1,0.0,1.0,1.0,0.0,0.0,0.0,0.0
0.2631578947368421,1,0.05263157894736842,1.0,1.0,0.0,0.0,0.0,0.0
0.0,1,1.0,1.0,1.0,0.0,0.0,0.0,0.0
0.34782608695652173,1,0.0,1.0,1.0,0.0,0.0,0.0,0.0
0.05555555555555555,2,0.0,1.0,1.0,0.0,0.0,0.0,0.0
0.0,1,0.0,1.0,1.0,0.0,0.0,0.0,0.0
0.3333333333333333,1,0.0,1.0,1.0,0.0,0.0,0.0,0.0
0.023809523809523808,1,0.023809523809523808,1.0,1.0,0.0,0.0,0.0,0.0
0.017241379310344827,3,0.0,1.0,1.0,0.0,0.0,0.0,0.0
1.0,1,0.0,1.0,1.0,0.0,0.0,0.0,0.0
0.0,1,0.0,1.0,1.0,0.0,0.0,0.0,0.0
0.43478260869565216,1,0.0,1.0,1.0,0.0,0.0,0.0,0.0
0.0,1,1.0,1.0,1.0,0.0,0.0,0.0,0.0
1.0,1,0.0,1.0,1.0,0.0,0.0,0.0,0.0
0.0,1,0.0,1.0,1.0,0.0,0.0,0.0,0.0
0.4307692307692308,1,0.4307692307692308,1.0,1.0,0.0,0.0,0.0,0.0
1.0,1,0.0,1.0,1.0,0.0,0.0,0.0,0.0
0.6666666666666666,1,0.0,1.0,1.0,0.0,0.0,0.0,0.0
1.0,1,0.0,1.0,1.0,0.0,0.0,0.0,0.0
0.7777777777777778,1,0.0,1.0,1.0,0.0,0.0,0.0,0.0
0.7272727272727273,1,0.0,1.0,1.0,0.0,0.0,0.0,0.0
0.6,1,0.0,1.0,1.0,0.0,0.0,0.0,0.0
0.68,1,0.0,1.0,1.0,0.0,0.0,0.0,0.0
0.5,1,0.0,0.8333333333333334,1.0,0.0,0.0,0.16666666666666666,0.0
0.1276595744680851,1,0.0,1.0,1.0,0.0,0.0,0.0,0.0
0.4444444444444444,1,0.0,1.0,1.0,0.0,0.0,0.0,0.0
0.0,1,0.0,1.0,1.0,0.0,0.0,0.0,0.0
0.3333333333333333,1,0.6666666666666666,1.0,1.0,0.0,0.0,0.0,0.0
1.0,1,0.0,1.0,1.0,0.0,0.0,0.0,0.0
0.484304932735426,1,0.21076233183856502,1.0,1.0,0.0,0.0,0.0,0.0
0.48,1,0.0,1.0,1.0,0.0,0.0,0.0,0.0
0.5,1,0.0,0.9545454545454546,1.0,0.0,0.0,0.045454545454545456,0.0
1.0,1,0.0,1.0,1.0,0.0,0.0,0.0,0.0
0.0,1,0.0,1.0,1.0,0.0,0.0,0.0,0.0
0.3333333333333333,1,0.0,1.0,1.0,0.0,0.0,0.0,0.0
0.0,1,0.0,1.0,1.0,0.0,0.0,0.0,0.0
0.3,1,0.014285714285714285,0.9142857142857143,1.0,0.0,0.0,0.08571428571428572,0.0
0.2153846153846154,1,0.0,1.0,1.0,0.0,0.0,0.0,0.0
0.3333333333333333,1,0.0,1.0,1.0,0.0,0.0,0.0,0.0
0.0,1,1.0,1.0,1.0,0.0,0.0,0.0,0.0
0.0,1,0.0,1.0,1.0,0.0,0.0,0.0,0.0
0.5428571428571428,3,0.0,1.0,1.0,0.0,0.0,0.0,0.0
0.0,1,1.0,1.0,1.0,0.0,0.0,0.0,0.0
1.0,1,0.13333333333333333,1.0,1.0,0.0,0.0,0.0,0.0
0.38235294117647056,1,0.0,1.0,1.0,0.0,0.0,0.0,0.0
0.19230769230769232,1,0.0,1.0,1.0,0.0,0.0,0.0,0.0
0.4482758620689655,1,0.0,1.0,1.0,0.0,0.0,0.0,0.0
0.0,1,0.125,1.0,1.0,0.0,0.0,0.0,0.0
0.0,1,0.0,1.0,1.0,0.0,0.0,0.0,0.0
0.4,1,0.0,1.0,1.0,0.0,0.0,0.0,0.0
0.35294117647058826,1,0.0,0.9764705882352941,1.0,0.0,0.0,0.023529411764705882,0.0
0.5,1,0.0,1.0,1.0,0.0,0.0,0.0,0.0
0.0,1,0.0,1.0,1.0,0.0,0.0,0.0,0.0
0.2,1,0.0,1.0,1.0,0.0,0.0,0.0,0.0
0.0,1,0.0,1.0,1.0,0.0,0.0,0.0,0.0
0.25862068965517243,1,0.0,1.0,1.0,0.0,0.0,0.0,0.0
0.5106382978723404,1,0.0,1.0,1.0,0.0,0.0,0.0,0.0
0.0,1,0.0,1.0,1.0,0.0,0.0,0.0,0.0
0.7068965517241379,1,0.0,1.0,1.0,0.0,0.0,0.0,0.0
0.1282051282051282,1,0.0,1.0,1.0,0.0,0.0,0.0,0.0
0.0,1,0.0,1.0,1.0,0.0,0.0,0.0,0.0
0.0,1,0.0,1.0,1.0,0.0,0.0,0.0,0.0
0.9285714285714286,1,0.0,1.0,1.0,0.0,0.0,0.0,0.0
0.04666666666666667,1,0.013333333333333334,0.9933333333333333,1.0,0.0,0.0,0.006666666666666667,0.0
0.0,1,0.0,1.0,1.0,0.0,0.0,0.0,0.0
1.0,1,0.0,1.0,1.0,0.0,0.0,0.0,0.0
0.11458333333333333,1,0.0,1.0,1.0,0.0,0.0,0.0,0.0
0.0,1,0.0,1.0,1.0,0.0,0.0,0.0,0.0
0.9444444444444444,1,0.0,1.0,1.0,0.0,0.0,0.0,0.0
0.14,1,0.0,1.0,1.0,0.0,0.0,0.0,0.0
0.9324324324324325,1,0.0,1.0,1.0,0.0,0.0,0.0,0.0
0.21212121212121213,1,0.0,1.0,1.0,0.0,0.0,0.0,0.0
0.27450980392156865,1,0.0,1.0,1.0,0.0,0.0,0.0,0.0
0.25,1,0.16666666666666666,1.0,1.0,0.0,0.0,0.0,0.0
0.16417910447761194,1,0.004975124378109453,1.0,1.0,0.0,0.0,0.0,0.0
0.5789473684210527,3,0.0,1.0,1.0,0.0,0.0,0.0,0.0
0.05555555555555555,1,0.0,1.0,1.0,0.0,0.0,0.0,0.0
0.2413793103448276,1,0.0,1.0,1.0,0.0,0.0,0.0,0.0
0.0,1,0.0,1.0,1.0,0.0,0.0,0.0,0.0
0.0,1,0.0,1.0,1.0,0.0,0.0,0.0,0.0
0.0,1,0.0,1.0,1.0,0.0,0.0,0.0,0.0
0.0,1,0.0,1.0,1.0,0.0,0.0,0.0,0.0
0.5357142857142857,1,0.10714285714285714,0.9285714285714286,1.0,0.0,0.0,0.07142857142857142,0.0
0.0,1,0.0,1.0,1.0,0.0,0.0,0.0,0.0
0.0,1,0.08108108108108109,1.0,1.0,0.0,0.0,0.0,0.0
0.0,1,0.0,1.0,1.0,0.0,0.0,0.0,0.0
0.3333333333333333,1,0.0,1.0,1.0,0.0,0.0,0.0,0.0
0.0,1,0.0,1.0,1.0,0.0,0.0,0.0,0.0
0.0,1,0.0,1.0,1.0,0.0,0.0,0.0,0.0
0.432,2,0.0,0.9813333333333333,1.0,0.0,0.0,0.018666666666666668,0.0
0.0,1,0.0,1.0,1.0,0.0,0.0,0.0,0.0
0.0,1,0.0,1.0,1.0,0.0,0.0,0.0,0.0
0.11764705882352941,1,0.0,1.0,1.0,0.0,0.0,0.0,0.0
1.0,1,0.0,1.0,1.0,0.0,0.0,0.0,0.0
0.5,1,0.0,1.0,1.0,0.0,0.0,0.0,0.0
0.0,1,0.0,1.0,1.0,0.0,0.0,0.0,0.0
1.0,1,0.0,1.0,1.0,0.0,0.0,0.0,0.0
1.0,1,0.0,1.0,1.0,0.0,0.0,0.0,0.0
0.0,1,1.0,1.0,1.0,0.0,0.0,0.0,0.0
1.0,1,0.0,1.0,1.0,0.0,0.0,0.0,0.0
0.0,1,0.014084507042253521,1.0,1.0,0.0,0.0,0.0,0.0
0.0,1,0.21428571428571427,1.0,1.0,0.0,0.0,0.0,0.0
0.2,2,0.02857142857142857,0.9285714285714286,1.0,0.0,0.0,0.02857142857142857,0.0
1.0,1,0.0,1.0,1.0,0.0,0.0,0.0,0.0
0.2222222222222222,2,0.0,0.8888888888888888,1.0,0.0,0.0,0.1111111111111111,0.0
0.0,1,0.0,1.0,1.0,0.0,0.0,0.0,0.0
0.5045871559633027,1,0.0,0.9724770642201835,1.0,0.0,0.0,0.027522935779816515,0.0
0.0,1,0.0,1.0,1.0,0.0,0.0,0.0,0.0
0.6163522012578616,1,0.0,0.9874213836477987,1.0,0.0,0.0,0.012578616352201259,0.0
1.0,1,0.0,1.0,1.0,0.0,0.0,0.0,0.0
0.38848920863309355,1,0.0,1.0,1.0,0.0,0.0,0.0,0.0
0.0,1,0.0,1.0,1.0,0.0,0.0,0.0,0.0
0.8,1,0.0,0.8,1.0,0.0,0.0,0.2,0.0
1.0,1,0.0,1.0,1.0,0.0,0.0,0.0,0.0
0.0,1,0.0,1.0,1.0,0.0,0.0,0.0,0.0
0.0,1,0.0,1.0,1.0,0.0,0.0,0.0,0.0
0.8,1,1.0,1.0,1.0,0.0,0.0,0.0,0.0
0.0,1,1.0,1.0,1.0,0.0,0.0,0.0,0.0
0.0,1,0.0,1.0,1.0,0.0,0.0,0.0,0.0
0.0,1,0.0,1.0,1.0,0.0,0.0,0.0,0.0
0.6893203883495146,5,0.04854368932038835,0.9902912621359223,1.0,0.0,0.0,0.009708737864077669,0.0
0.6,1,0.0,1.0,1.0,0.0,0.0,0.0,0.0
0.0,1,0.0,1.0,1.0,0.0,0.0,0.0,0.0
0.0,1,1.0,1.0,1.0,0.0,0.0,0.0,0.0
1.0,1,0.0,1.0,1.0,0.0,0.0,0.0,0.0
0.5,1,0.0,1.0,1.0,0.0,0.0,0.0,0.0
0.0,1,0.0,1.0,1.0,0.0,0.0,0.0,0.0
0.058823529411764705,1,0.0,1.0,1.0,0.0,0.0,0.0,0.0
0.0,1,0.0,1.0,1.0,0.0,0.0,0.0,0.0
0.3888888888888889,1,0.0,1.0,1.0,0.0,0.0,0.0,0.0
1.0,1,0.0,1.0,1.0,0.0,0.0,0.0,0.0
0.36,1,0.0,0.36,1.0,0.0,0.0,0.64,0.0
0.6666666666666666,1,0.0,1.0,1.0,0.0,0.0,0.0,0.0
0.5,1,0.0,1.0,1.0,0.0,0.0,0.0,0.0
0.0,1,1.0,1.0,1.0,0.0,0.0,0.0,0.0
0.0,1,0.0,1.0,1.0,0.0,0.0,0.0,0.0
0.7795275590551181,1,0.0,0.9921259842519685,1.0,0.0,0.0,0.007874015748031496,0.0
0.0,1,0.0,1.0,1.0,0.0,0.0,0.0,0.0
0.6875,2,0.0,1.0,1.0,0.0,0.0,0.0,0.0
0.8888888888888888,1,0.0,1.0,1.0,0.0,0.0,0.0,0.0
0.0,1,0.047619047619047616,1.0,1.0,0.0,0.0,0.0,0.0
0.0,1,0.0,1.0,1.0,0.0,0.0,0.0,0.0
0.45614035087719296,1,0.0,1.0,1.0,0.0,0.0,0.0,0.0
0.06666666666666667,1,0.0,1.0,1.0,0.0,0.0,0.0,0.0
0.39375,1,0.0,0.98125,1.0,0.0,0.0,0.01875,0.0
0.17543859649122806,1,0.0,1.0,1.0,0.0,0.0,0.0,0.0
1.0,1,0.0,1.0,1.0,0.0,0.0,0.0,0.0
0.0,1,0.0,1.0,1.0,0.0,0.0,0.0,0.0
0.0,1,1.0,1.0,1.0,0.0,0.0,0.0,0.0
0.0,1,0.0,1.0,1.0,0.0,0.0,0.0,0.0
0.3333333333333333,1,0.0,1.0,1.0,0.0,0.0,0.0,0.0
0.11009174311926606,1,0.0,0.9954128440366973,1.0,0.0,0.0,0.0,0.0
0.0,1,0.5,1.0,1.0,0.0,0.0,0.0,0.0
0.2,1,0.0,1.0,1.0,0.0,0.0,0.0,0.0
0.0,1,0.0,1.0,1.0,0.0,0.0,0.0,0.0
0.5,1,0.0,1.0,1.0,0.0,0.0,0.0,0.0
0.36,1,0.0,1.0,1.0,0.0,0.0,0.0,0.0
0.8,1,0.0,1.0,1.0,0.0,0.0,0.0,0.0
0.44696969696969696,1,0.0,0.9924242424242424,1.0,0.0,0.0,0.007575757575757576,0.0
0.0,1,0.0,1.0,1.0,0.0,0.0,0.0,0.0
0.18681318681318682,6,0.0,0.989010989010989,1.0,0.0,0.0,0.01098901098901099,0.0
0.9381443298969072,1,0.0,1.0,1.0,0.0,0.0,0.0,0.0
0.5769230769230769,1,0.0,1.0,1.0,0.0,0.0,0.0,0.0
0.7603305785123967,1,0.0,1.0,1.0,0.0,0.0,0.0,0.0
0.8620689655172413,2,0.0,1.0,1.0,0.0,0.0,0.0,0.0
1.0,1,0.25,1.0,1.0,0.0,0.0,0.0,0.0
0.0,1,0.0,1.0,1.0,0.0,0.0,0.0,0.0
0.0,1,0.0,1.0,1.0,0.0,0.0,0.0,0.0
1.0,1,0.5,0.5,1.0,0.0,0.0,0.5,0.0
0.9508196721311475,1,0.0,1.0,1.0,0.0,0.0,0.0,0.0
1.0,1,0.0,1.0,1.0,0.0,0.0,0.0,0.0
0.36363636363636365,1,0.09090909090909091,1.0,1.0,0.0,0.0,0.0,0.0
0.0,1,0.3333333333333333,1.0,1.0,0.0,0.0,0.0,0.0
0.0,1,0.0,0.9444444444444444,1.0,0.0,0.0,0.05555555555555555,0.0
0.0,1,0.0,1.0,1.0,0.0,0.0,0.0,0.0
0.6666666666666666,1,0.0,1.0,1.0,0.0,0.0,0.0,0.0
0.0,1,0.0,1.0,1.0,0.0,0.0,0.0,0.0
0.25,1,0.25,1.0,1.0,0.0,0.0,0.0,0.0
0.16666666666666666,1,0.0,1.0,1.0,0.0,0.0,0.0,0.0
0.0,1,0.0,1.0,1.0,0.0,0.0,0.0,0.0
0.0,1,0.0,1.0,1.0,0.0,0.0,0.0,0.0
0.0,1,0.0,1.0,1.0,0.0,0.0,0.0,0.0
0.0,1,0.0,1.0,1.0,0.0,0.0,0.0,0.0
0.5,1,0.5,1.0,1.0,0.0,0.0,0.0,0.0
1.0,1,0.0,1.0,1.0,0.0,0.0,0.0,0.0
1.0,1,0.0,1.0,1.0,0.0,0.0,0.0,0.0
0.9047619047619048,1,0.0,0.9523809523809523,1.0,0.0,0.0,0.047619047619047616,0.0
0.7142857142857143,1,0.03571428571428571,0.9642857142857143,1.0,0.0,0.0,0.03571428571428571,0.0
0.11538461538461539,2,0.23076923076923078,0.9903846153846154,1.0,0.0,0.0,0.0,0.0
0.0,1,0.0,1.0,1.0,0.0,0.0,0.0,0.0
1.0,1,0.0,1.0,1.0,0.0,0.0,0.0,0.0
0.0,1,0.0,1.0,1.0,0.0,0.0,0.0,0.0
0.0,1,0.0,1.0,1.0,0.0,0.0,0.0,0.0
1.0,1,0.0,1.0,1.0,0.0,0.0,0.0,0.0
0.0,1,0.0,1.0,1.0,0.0,0.0,0.0,0.0
0.0,1,0.0,1.0,1.0,0.0,0.0,0.0,0.0
0.0,1,0.0,1.0,1.0,0.0,0.0,0.0,0.0
0.0,1,0.0,1.0,1.0,0.0,0.0,0.0,0.0
1.0,1,0.0,1.0,1.0,0.0,0.0,0.0,0.0
0.0,1,0.0,0.8913043478260869,1.0,0.0,0.0,0.10869565217391304,0.0
1.0,1,0.0,1.0,1.0,0.0,0.0,0.0,0.0
0.05555555555555555,1,0.0,1.0,1.0,0.0,0.0,0.0,0.0
0.3125,1,0.0,1.0,1.0,0.0,0.0,0.0,0.0
0.0,1,1.0,1.0,1.0,0.0,0.0,0.0,0.0
0.2857142857142857,1,0.07142857142857142,1.0,1.0,0.0,0.0,0.0,0.0
0.6666666666666666,1,0.0,1.0,1.0,0.0,0.0,0.0,0.0
0.5365853658536586,1,0.0,1.0,1.0,0.0,0.0,0.0,0.0
0.0,1,0.0,1.0,1.0,0.0,0.0,0.0,0.0
0.0,1,0.0,1.0,1.0,0.0,0.0,0.0,0.0
0.0,1,0.0,1.0,1.0,0.0,0.0,0.0,0.0
0.0,1,0.0,1.0,1.0,0.0,0.0,0.0,0.0
1.0,1,1.0,1.0,1.0,0.0,0.0,0.0,0.0
1.0,1,1.0,1.0,1.0,0.0,0.0,0.0,0.0
1.0,1,0.6,1.0,1.0,0.0,0.0,0.0,0.0
0.34782608695652173,1,0.08695652173913043,1.0,1.0,0.0,0.0,0.0,0.0
0.6666666666666666,1,0.0,1.0,1.0,0.0,0.0,0.0,0.0
0.0,1,0.0,1.0,1.0,0.0,0.0,0.0,0.0
0.0,1,0.0,1.0,1.0,0.0,0.0,0.0,0.0
0.0,1,0.0,1.0,1.0,0.0,0.0,0.0,0.0
1.0,1,0.0,1.0,1.0,0.0,0.0,0.0,0.0
1.0,1,0.0,1.0,1.0,0.0,0.0,0.0,0.0
0.0,1,1.0,1.0,1.0,0.0,0.0,0.0,0.0
0.0,1,0.0,1.0,1.0,0.0,0.0,0.0,0.0
0.0,1,0.0,1.0,1.0,0.0,0.0,0.0,0.0
0.0,1,0.0,1.0,1.0,0.0,0.0,0.0,0.0
0.0,1,0.0,1.0,1.0,0.0,0.0,0.0,0.0
0.2876712328767123,1,0.0,1.0,1.0,0.0,0.0,0.0,0.0
0.13376383763837638,12,0.0009225092250922509,0.9972324723247232,1.0,0.0,0.0,0.0027675276752767526,0.0
0.0,1,1.0,1.0,1.0,0.0,0.0,0.0,0.0
0.796875,1,0.015625,1.0,1.0,0.0,0.0,0.0,0.0
0.2903225806451613,1,0.0,1.0,1.0,0.0,0.0,0.0,0.0
0.0,1,1.0,1.0,1.0,0.0,0.0,0.0,0.0
0.9285714285714286,1,0.0,1.0,1.0,0.0,0.0,0.0,0.0
0.2,1,0.2,1.0,1.0,0.0,0.0,0.0,0.0
0.0,1,0.0,1.0,1.0,0.0,0.0,0.0,0.0
0.15151515151515152,1,0.0,1.0,1.0,0.0,0.0,0.0,0.0
0.0,1,0.2,1.0,1.0,0.0,0.0,0.0,0.0
0.0,1,0.0,1.0,1.0,0.0,0.0,0.0,0.0
0.6086956521739131,1,0.08695652173913043,0.9565217391304348,1.0,0.0,0.0,0.0,0.0
0.9615384615384616,1,0.0,1.0,1.0,0.0,0.0,0.0,0.0
